Altersgruppe, Meldedatum, difference, trend, value
0-4, 2020-03-09, , , 33.3333
0-4, 2020-03-10, , , 66.6667
0-4, 2020-03-11, , , 166.6667
0-4, 2020-03-12, , , 433.3333
0-4, 2020-03-13, , , 500
0-4, 2020-03-14, , , 1700
0-4, 2020-03-15, , , 425
0-4, 2020-03-16, 566.6667, 3.1996, 600
0-4, 2020-03-17, 613.3333, 3.4631, 680
0-4, 2020-03-18, 308.3333, 1.741, 475
0-4, 2020-03-19, -152.0833, -1.2911, 281.25
0-4, 2020-03-20, -172.2222, -1.4621, 327.7778
0-4, 2020-03-21, -1311.1111, -11.1306, 388.8889
0-4, 2020-03-22, -125, -1.0612, 300
0-4, 2020-03-23, -314.2857, -2.6681, 285.7143
0-4, 2020-03-24, -418.4615, -3.5525, 261.5385
0-4, 2020-03-25, -246.7391, -2.0947, 228.2609
0-4, 2020-03-26, -122.2336, -1.0377, 159.0164
0-4, 2020-03-27, -212.1934, -1.8014, 115.5844
0-4, 2020-03-28, -272.9798, -2.3175, 115.9091
0-4, 2020-03-29, -165.4762, -1.4048, 134.5238
0-4, 2020-03-30, -172.7513, -1.4666, 112.963
0-4, 2020-03-31, -196.2902, -1.6664, 65.2482
0-4, 2020-04-01, -175.943, -1.4937, 52.3179
0-4, 2020-04-02, -98.8898, -0.8395, 60.1266
0-4, 2020-04-03, -62.5724, -0.5312, 53.012
0-4, 2020-04-04, -76.9617, -0.6534, 38.9474
0-4, 2020-04-05, -97.468, -0.8275, 37.0558
0-4, 2020-04-06, -92.5282, -0.7855, 20.4348
0-4, 2020-04-07, -43.3598, -0.3681, 21.8884
0-4, 2020-04-08, -33.6222, -0.2854, 18.6957
0-4, 2020-04-09, -56.5693, -0.4802, 3.5573
0-4, 2020-04-10, -55.768, -0.4734, -2.7559
0-4, 2020-04-11, -54.0989, -0.4593, -15.1515
0-4, 2020-04-12, -55.9447, -0.4749, -18.8889
0-4, 2020-04-13, -43.1785, -0.3666, -22.7437
0-4, 2020-04-14, -49.3532, -0.419, -27.4648
0-4, 2020-04-15, -58.2561, -0.4946, -39.5604
0-4, 2020-04-16, -45.542, -0.3866, -41.9847
0-4, 2020-04-17, -34.8959, -0.2962, -37.6518
0-4, 2020-04-18, -12.5271, -0.1063, -27.6786
0-4, 2020-04-19, -20.8371, -0.1769, -39.726
0-4, 2020-04-20, -9.9666, -0.0846, -32.7103
0-4, 2020-04-21, 0.7658, 0.0043, -26.699
0-4, 2020-04-22, 32.2877, 0.1823, -7.2727
0-4, 2020-04-23, 57.1163, 0.3225, 15.1316
0-4, 2020-04-24, 40.2492, 0.2273, 2.5974
0-4, 2020-04-25, 24.5922, 0.1389, -3.0864
0-4, 2020-04-26, 63.9685, 0.3612, 24.2424
0-4, 2020-04-27, 46.5992, 0.2631, 13.8889
0-4, 2020-04-28, 37.2951, 0.2106, 10.596
0-4, 2020-04-29, 17.0766, 0.0964, 9.8039
0-4, 2020-04-30, -31.703, -0.2691, -16.5714
0-4, 2020-05-01, -12.724, -0.108, -10.1266
0-4, 2020-05-02, -14.748, -0.1252, -17.8344
0-4, 2020-05-03, -51.0717, -0.4336, -26.8293
0-4, 2020-05-04, -40.1084, -0.3405, -26.2195
0-4, 2020-05-05, -35.7457, -0.3035, -25.1497
0-4, 2020-05-06, -38.9706, -0.3308, -29.1667
0-4, 2020-05-07, 2.1879, 0.0124, -14.3836
0-4, 2020-05-08, -0.4368, -0.0037, -10.5634
0-4, 2020-05-09, 18.6096, 0.1051, 0.7752
0-4, 2020-05-10, 32.6626, 0.1844, 5.8333
0-4, 2020-05-11, 26.2195, 0.148, 
0-4, 2020-05-12, 17.1497, 0.0968, -8
0-4, 2020-05-13, 16.5616, 0.0935, -12.605
0-4, 2020-05-14, -12.0164, -0.102, -26.4
0-4, 2020-05-15, -8.3343, -0.0708, -18.8976
0-4, 2020-05-16, -30.006, -0.2547, -29.2308
0-4, 2020-05-17, -34.9672, -0.2969, -29.1339
0-4, 2020-05-18, -22.314, -0.1894, -22.314
0-4, 2020-05-19, -2.4348, -0.0207, -10.4348
0-4, 2020-05-20, 27.9897, 0.158, 15.3846
0-4, 2020-05-21, 55.7478, 0.3148, 29.3478
0-4, 2020-05-22, 41.2277, 0.2328, 22.3301
0-4, 2020-05-23, 65.1003, 0.3676, 35.8696
0-4, 2020-05-24, 65.8005, 0.3715, 36.6667
0-4, 2020-05-25, 51.0375, 0.2882, 28.7234
0-4, 2020-05-26, 17.2309, 0.0973, 6.7961
0-4, 2020-05-27, -42.8846, -0.3641, -27.5
0-4, 2020-05-28, -63.8016, -0.5416, -34.4538
0-4, 2020-05-29, -60.4253, -0.513, -38.0952
0-4, 2020-05-30, -78.2696, -0.6645, -42.4
0-4, 2020-05-31, -76.5041, -0.6495, -39.8374
0-4, 2020-06-01, -67.5664, -0.5736, -38.843
0-4, 2020-06-02, -44.0688, -0.3741, -37.2727
0-4, 2020-06-03, 7.9598, 0.0449, -19.5402
0-4, 2020-06-04, 31.8897, 0.1801, -2.5641
0-4, 2020-06-05, 47.0696, 0.2658, 8.9744
0-4, 2020-06-06, 75.7333, 0.4276, 33.3333
0-4, 2020-06-07, 65.5131, 0.3699, 25.6757
0-4, 2020-06-08, 61.8159, 0.349, 22.973
0-4, 2020-06-09, 93.7945, 0.5296, 56.5217
0-4, 2020-06-10, 70.9688, 0.4007, 51.4286
0-4, 2020-06-11, 44.6694, 0.2522, 42.1053
0-4, 2020-06-12, 14.5551, 0.0822, 23.5294
0-4, 2020-06-13, -28.125, -0.2388, 5.2083
0-4, 2020-06-14, -19.2241, -0.1632, 6.4516
0-4, 2020-06-15, -14.1818, -0.1204, 8.7912
0-4, 2020-06-16, -63.0032, -0.5349, -6.4815
0-4, 2020-06-17, -56.1456, -0.4766, -4.717
0-4, 2020-06-18, -53.2164, -0.4518, -11.1111
0-4, 2020-06-19, -15.9104, -0.1351, 7.619
0-4, 2020-06-20, 28.455, 0.1607, 33.6634
0-4, 2020-06-21, 20.8211, 0.1176, 27.2727
0-4, 2020-06-22, 33.633, 0.1899, 42.4242
0-4, 2020-06-23, 58.9567, 0.3329, 52.4752
0-4, 2020-06-24, 43.3308, 0.2447, 38.6139
0-4, 2020-06-25, 52.7778, 0.298, 41.6667
0-4, 2020-06-26, -0.5394, -0.0046, 7.0796
0-4, 2020-06-27, -46.9967, -0.399, -13.3333
0-4, 2020-06-28, -32.0346, -0.272, -4.7619
0-4, 2020-06-29, -57.3179, -0.4866, -14.8936
0-4, 2020-06-30, -70.0077, -0.5943, -17.5325
0-4, 2020-07-01, -45.0424, -0.3824, -6.4286
0-4, 2020-07-02, -46.0784, -0.3912, -4.4118
0-4, 2020-07-03, 2.8377, 0.016, 9.9174
0-4, 2020-07-04, 18.4615, 0.1042, 5.1282
0-4, 2020-07-05, 3.9286, 0.0222, -0.8333
0-4, 2020-07-06, 10.727, 0.0606, -4.1667
0-4, 2020-07-07, 18.3199, 0.1034, 0.7874
0-4, 2020-07-08, 9.482, 0.0535, 3.0534
0-4, 2020-07-09, 8.2579, 0.0466, 3.8462
0-4, 2020-07-10, -7.6617, -0.065, 2.2556
0-4, 2020-07-11, 5.4409, 0.0307, 10.5691
0-4, 2020-07-12, 15.119, 0.0854, 14.2857
0-4, 2020-07-13, 21.558, 0.1217, 17.3913
0-4, 2020-07-14, 1.5563, 0.0088, 2.3438
0-4, 2020-07-15, -11.2016, -0.0951, -8.1481
0-4, 2020-07-16, -13.4758, -0.1144, -9.6296
0-4, 2020-07-17, -4.4615, -0.0379, -2.2059
0-4, 2020-07-18, -17.1868, -0.1459, -6.6176
0-4, 2020-07-19, -33.4034, -0.2836, -19.1176
0-4, 2020-07-20, -29.9839, -0.2545, -12.5926
0-4, 2020-07-21, -3.1071, -0.0264, -0.7634
0-4, 2020-07-22, 16.2127, 0.0915, 8.0645
0-4, 2020-07-23, 14.5477, 0.0821, 4.918
0-4, 2020-07-24, 0.7021, 0.004, -1.5038
0-4, 2020-07-25, 16.8539, 0.0952, 10.2362
0-4, 2020-07-26, 40.0267, 0.226, 20.9091
0-4, 2020-07-27, 24.457, 0.1381, 11.8644
0-4, 2020-07-28, 5.3787, 0.0304, 4.6154
0-4, 2020-07-29, 3.1295, 0.0177, 11.194
0-4, 2020-07-30, 13.832, 0.0781, 18.75
0-4, 2020-07-31, 12.9541, 0.0731, 11.4504
0-4, 2020-08-01, -10.9505, -0.093, -0.7143
0-4, 2020-08-02, -21.661, -0.1839, -0.7519
0-4, 2020-08-03, -10.3493, -0.0879, 1.5152
0-4, 2020-08-04, 4.9434, 0.0279, 9.5588
0-4, 2020-08-05, -15.892, -0.1349, -4.698
0-4, 2020-08-06, -25.3289, -0.215, -6.5789
0-4, 2020-08-07, -9.3956, -0.0798, 2.0548
0-4, 2020-08-08, 15.8222, 0.0893, 15.1079
0-4, 2020-08-09, 21.964, 0.124, 21.2121
0-4, 2020-08-10, 20.1266, 0.1136, 21.6418
0-4, 2020-08-11, 3.864, 0.0218, 13.4228
0-4, 2020-08-12, 38.5008, 0.2174, 33.8028
0-4, 2020-08-13, 67.1423, 0.3791, 60.5634
0-4, 2020-08-14, 57.0056, 0.3219, 59.0604
0-4, 2020-08-15, 35.5171, 0.2005, 50.625
0-4, 2020-08-16, 30.0379, 0.1696, 51.25
0-4, 2020-08-17, 31.7324, 0.1792, 53.3742
0-4, 2020-08-18, 39.2399, 0.2216, 52.6627
0-4, 2020-08-19, 4.6182, 0.0261, 38.4211
0-4, 2020-08-20, -53.5458, -0.4546, 7.0175
0-4, 2020-08-21, -60.3262, -0.5121, -1.2658
0-4, 2020-08-22, -47.3055, -0.4016, 3.3195
0-4, 2020-08-23, -48.7707, -0.414, 2.4793
0-4, 2020-08-24, -50.9742, -0.4327, 2.4
0-4, 2020-08-25, -56.5387, -0.48, -3.876
0-4, 2020-08-26, -49.8279, -0.423, -11.4068
0-4, 2020-08-27, -9.8864, -0.0839, -2.8689
0-4, 2020-08-28, -4.2897, -0.0364, -5.5556
0-4, 2020-08-29, -17.3757, -0.1475, -14.0562
0-4, 2020-08-30, -21.0277, -0.1785, -18.5484
0-4, 2020-08-31, -23.1031, -0.1961, -20.7031
0-4, 2020-09-01, -16.2853, -0.1383, -20.1613
0-4, 2020-09-02, -6.1897, -0.0525, -17.5966
0-4, 2020-09-03, -17.8063, -0.1512, -20.6751
0-4, 2020-09-04, -8.9241, -0.0758, -14.4796
0-4, 2020-09-05, 3.3086, 0.0187, -10.7477
0-4, 2020-09-06, 15.083, 0.0852, -3.4653
0-4, 2020-09-07, 22.6736, 0.128, 1.9704
0-4, 2020-09-08, 29.7572, 0.168, 9.596
0-4, 2020-09-09, 25.9299, 0.1464, 8.3333
0-4, 2020-09-10, 33.973, 0.1918, 13.2979
0-4, 2020-09-11, 24.0034, 0.1355, 9.5238
0-4, 2020-09-12, 11.7948, 0.0666, 1.0471
0-4, 2020-09-13, 2.4397, 0.0138, -1.0256
0-4, 2020-09-14, -9.2168, -0.0782, -7.2464
0-4, 2020-09-15, -19.7342, -0.1675, -10.1382
0-4, 2020-09-16, -6.4103, -0.0544, 1.9231
0-4, 2020-09-17, -1.5608, -0.0133, 11.7371
0-4, 2020-09-18, 8.3506, 0.0472, 17.8744
0-4, 2020-09-19, 31.0772, 0.1755, 32.1244
0-4, 2020-09-20, 31.0775, 0.1755, 30.0518
0-4, 2020-09-21, 41.1005, 0.2321, 33.8542
0-4, 2020-09-22, 50.1382, 0.2831, 40
0-4, 2020-09-23, 27.3222, 0.1543, 29.2453
0-4, 2020-09-24, 2.5486, 0.0144, 14.2857
0-4, 2020-09-25, -17.0547, -0.1448, 0.8197
0-4, 2020-09-26, -35.2616, -0.2994, -3.1373
0-4, 2020-09-27, -31.247, -0.2653, -1.1952
0-4, 2020-09-28, -29.1849, -0.2478, 4.6693
0-4, 2020-09-29, -42.1978, -0.3582, -2.1978
0-4, 2020-09-30, -32.165, -0.2731, -2.9197
0-4, 2020-10-01, -15.021, -0.1275, -0.7353
0-4, 2020-10-02, 15.034, 0.0849, 15.8537
0-4, 2020-10-03, 14.8781, 0.084, 11.7409
0-4, 2020-10-04, 15.3081, 0.0864, 14.1129
0-4, 2020-10-05, 0.1635, 0.0009, 4.8327
0-4, 2020-10-06, 17.5536, 0.0991, 15.3558
0-4, 2020-10-07, 17.9573, 0.1014, 15.0376
0-4, 2020-10-08, 24.0686, 0.1359, 23.3333
0-4, 2020-10-09, 8.7077, 0.0492, 24.5614
0-4, 2020-10-10, 35.3606, 0.1997, 47.1014
0-4, 2020-10-11, 40.6574, 0.2296, 54.7703
0-4, 2020-10-12, 58.9971, 0.3331, 63.8298
0-4, 2020-10-13, 50.2286, 0.2836, 65.5844
0-4, 2020-10-14, 57.1846, 0.3229, 72.2222
0-4, 2020-10-15, 54.4444, 0.3074, 77.7778
0-4, 2020-10-16, 65.0161, 0.3671, 89.5775
0-4, 2020-10-17, 31.7163, 0.1791, 78.8177
0-4, 2020-10-18, 20.1155, 0.1136, 74.8858
0-4, 2020-10-19, 8.681, 0.049, 72.5108
0-4, 2020-10-20, 1.6705, 0.0094, 67.2549
0-4, 2020-10-21, 2.7303, 0.0154, 74.9526
0-4, 2020-10-22, -15.1089, -0.1283, 62.6689
0-4, 2020-10-23, -37.7201, -0.3202, 51.8574
0-4, 2020-10-24, -24.6855, -0.2096, 54.1322
0-4, 2020-10-25, -14.3114, -0.1215, 60.5744
0-4, 2020-10-26, -6.1369, -0.0521, 66.3739
0-4, 2020-10-27, -1.3698, -0.0116, 65.8851
0-4, 2020-10-28, -8.5751, -0.0728, 66.3774
0-4, 2020-10-29, 7.2169, 0.0407, 69.8858
0-4, 2020-10-30, 22.4088, 0.1265, 74.2661
0-4, 2020-10-31, 12.5344, 0.0708, 66.6667
0-4, 2020-11-01, -4.9647, -0.0421, 55.6098
0-4, 2020-11-02, -14.4131, -0.1224, 51.9608
0-4, 2020-11-03, -17.4752, -0.1484, 48.4099
0-4, 2020-11-04, -27.0033, -0.2292, 39.3742
0-4, 2020-11-05, -41.1572, -0.3494, 28.7286
0-4, 2020-11-06, -56.9725, -0.4837, 17.2937
0-4, 2020-11-07, -48.6506, -0.413, 18.0161
0-4, 2020-11-08, -40.5105, -0.3439, 15.0993
0-4, 2020-11-09, -41.5389, -0.3526, 10.4218
0-4, 2020-11-10, -42.7908, -0.3633, 5.619
0-4, 2020-11-11, -36.4743, -0.3096, 2.8999
0-4, 2020-11-12, -21.1313, -0.1794, 7.5973
0-4, 2020-11-13, -7.959, -0.0676, 9.3346
0-4, 2020-11-14, -13.4273, -0.114, 4.5888
0-4, 2020-11-15, -11.3317, -0.0962, 3.7676
0-4, 2020-11-16, -7.9499, -0.0675, 2.4719
0-4, 2020-11-17, -3.4549, -0.0293, 2.1641
0-4, 2020-11-18, -2.9454, -0.025, -0.0455
0-4, 2020-11-19, -12.0545, -0.1023, -4.4572
0-4, 2020-11-20, -15.508, -0.1317, -6.1734
0-4, 2020-11-21, -9.0198, -0.0766, -4.4309
0-4, 2020-11-22, -8.7545, -0.0743, -4.9869
0-4, 2020-11-23, -5.6298, -0.0478, -3.1579
0-4, 2020-11-24, -4.0617, -0.0345, -1.8976
0-4, 2020-11-25, 0.5457, 0.0031, 0.5002
0-4, 2020-11-26, 7.09, 0.04, 2.6328
0-4, 2020-11-27, 10.4198, 0.0588, 4.2464
0-4, 2020-11-28, 2.34, 0.0132, -2.0909
0-4, 2020-11-29, 4.3883, 0.0248, -0.5985
0-4, 2020-11-30, 2.5691, 0.0145, -0.5888
0-4, 2020-12-01, -1.1163, -0.0095, -3.0139
0-4, 2020-12-02, -1.9482, -0.0165, -1.448
0-4, 2020-12-03, -5.6931, -0.0483, -3.0603
0-4, 2020-12-04, -9.797, -0.0832, -5.5506
0-4, 2020-12-05, 0.0946, 0.0005, -1.9963
0-4, 2020-12-06, 0.8301, 0.0047, 0.2316
0-4, 2020-12-07, 0.9077, 0.0051, 0.3189
0-4, 2020-12-08, 5.8896, 0.0333, 2.8757
0-4, 2020-12-09, 2.7335, 0.0154, 1.2856
0-4, 2020-12-10, 2.3639, 0.0133, -0.6964
0-4, 2020-12-11, 10.0056, 0.0565, 4.455
0-4, 2020-12-12, 14.6917, 0.083, 12.6954
0-4, 2020-12-13, 11.3211, 0.0639, 11.5527
0-4, 2020-12-14, 13.6684, 0.0772, 13.9873
0-4, 2020-12-15, 11.7771, 0.0665, 14.6528
0-4, 2020-12-16, 20.8359, 0.1176, 22.1215
0-4, 2020-12-17, 31.2714, 0.1766, 30.575
0-4, 2020-12-18, 25.2183, 0.1424, 29.6733
0-4, 2020-12-19, 8.532, 0.0482, 21.2274
0-4, 2020-12-20, 9.4912, 0.0536, 21.0439
0-4, 2020-12-21, 5.2557, 0.0297, 19.243
0-4, 2020-12-22, 0.5261, 0.003, 15.1789
0-4, 2020-12-23, -15.6998, -0.1333, 6.4217
0-4, 2020-12-24, -29.7874, -0.2529, 0.7877
0-4, 2020-12-25, -36.8812, -0.3131, -7.2078
0-4, 2020-12-26, -39.6047, -0.3362, -18.3773
0-4, 2020-12-27, -47.7037, -0.405, -26.6598
0-4, 2020-12-28, -49.8478, -0.4232, -30.6047
0-4, 2020-12-29, -49.8665, -0.4233, -34.6876
0-4, 2020-12-30, -46.4635, -0.3945, -40.0419
0-4, 2020-12-31, -42.6349, -0.3619, -41.8472
0-4, 2021-01-01, -33.8932, -0.2877, -41.1011
0-4, 2021-01-02, -16.5845, -0.1408, -34.9618
0-4, 2021-01-03, -3.3448, -0.0284, -30.0047
0-4, 2021-01-04, 0.7059, 0.004, -29.8989
0-4, 2021-01-05, 7.9234, 0.0447, -26.7642
0-4, 2021-01-06, 18.7504, 0.1059, -21.2914
0-4, 2021-01-07, 21.8717, 0.1235, -19.9756
0-4, 2021-01-08, 33.8667, 0.1912, -7.2343
0-4, 2021-01-09, 41.2975, 0.2332, 6.3357
0-4, 2021-01-10, 47.6713, 0.2692, 17.6667
0-4, 2021-01-11, 56.4786, 0.3189, 26.5797
0-4, 2021-01-12, 58.1704, 0.3285, 31.4061
0-4, 2021-01-13, 49.8946, 0.2817, 28.6031
0-4, 2021-01-14, 52.0366, 0.2938, 32.0611
0-4, 2021-01-15, 28.7664, 0.1624, 21.5321
0-4, 2021-01-16, 0.2982, 0.0017, 6.6339
0-4, 2021-01-17, -20.8961, -0.1774, -3.2295
0-4, 2021-01-18, -33.4706, -0.2841, -6.8909
0-4, 2021-01-19, -36.675, -0.3114, -5.2689
0-4, 2021-01-20, -32.856, -0.2789, -4.2529
0-4, 2021-01-21, -36.801, -0.3124, -4.7399
0-4, 2021-01-22, -29.255, -0.2484, -7.7229
0-4, 2021-01-23, -12.9127, -0.1096, -6.2788
0-4, 2021-01-24, -2.0984, -0.0178, -5.3279
0-4, 2021-01-25, 2.2289, 0.0126, -4.662
0-4, 2021-01-26, -1.4398, -0.0122, -6.7087
0-4, 2021-01-27, -1.9896, -0.0169, -6.2425
0-4, 2021-01-28, -0.7213, -0.0061, -5.4612
0-4, 2021-01-29, -2.3694, -0.0201, -10.0923
0-4, 2021-01-30, -3.924, -0.0333, -10.2028
0-4, 2021-01-31, -3.8867, -0.033, -9.2146
0-4, 2021-02-01, -4.5067, -0.0383, -9.1687
0-4, 2021-02-02, -0.9741, -0.0083, -7.6829
0-4, 2021-02-03, -0.7998, -0.0068, -7.0423
0-4, 2021-02-04, -2.4336, -0.0207, -7.8947
0-4, 2021-02-05, 11.0506, 0.0624, 0.9582
0-4, 2021-02-06, 10.2028, 0.0576, 
0-4, 2021-02-07, 8.8059, 0.0497, -0.4087
0-4, 2021-02-08, 8.6303, 0.0487, -0.5384
0-4, 2021-02-09, 2.4232, 0.0137, -5.2597
0-4, 2021-02-10, -1.7043, -0.0145, -8.7466
0-4, 2021-02-11, -1.0251, -0.0087, -8.9199
0-4, 2021-02-12, -13.9074, -0.1181, -12.9492
0-4, 2021-02-13, -13.0732, -0.111, -13.0732
0-4, 2021-02-14, -14.9812, -0.1272, -15.3899
0-4, 2021-02-15, -11.9786, -0.1017, -12.5169
0-4, 2021-02-16, -2.611, -0.0222, -7.8707
0-4, 2021-02-17, 4.2937, 0.0242, -4.4528
0-4, 2021-02-18, 5.3238, 0.0301, -3.596
0-4, 2021-02-19, 11.5473, 0.0652, -1.4019
0-4, 2021-02-20, 14.0969, 0.0796, 1.0236
0-4, 2021-02-21, 18.4618, 0.1042, 3.0719
0-4, 2021-02-22, 14.5277, 0.082, 2.0108
0-4, 2021-02-23, 9.32, 0.0526, 1.4493
0-4, 2021-02-24, 12.3517, 0.0697, 7.8989
0-4, 2021-02-25, 20.0246, 0.1131, 16.4286
0-4, 2021-02-26, 24.5456, 0.1386, 23.1438
0-4, 2021-02-27, 28.2827, 0.1597, 29.3063
0-4, 2021-02-28, 30.9673, 0.1749, 34.0392
0-4, 2021-03-01, 35.4418, 0.2001, 37.4526
0-4, 2021-03-02, 37.1222, 0.2096, 38.5714
0-4, 2021-03-03, 30.3149, 0.1712, 38.2138
0-4, 2021-03-04, 16.8366, 0.0951, 33.2652
0-4, 2021-03-05, 7.0038, 0.0395, 30.1475
0-4, 2021-03-06, -0.976, -0.0083, 28.3303
0-4, 2021-03-07, -5.7771, -0.049, 28.2621
0-4, 2021-03-08, -11.1426, -0.0946, 26.31
0-4, 2021-03-09, -13.4493, -0.1142, 25.1221
0-4, 2021-03-10, -19.5167, -0.1657, 18.697
0-4, 2021-03-11, -9.9915, -0.0848, 23.2737
0-4, 2021-03-12, -3.8784, -0.0329, 26.2691
0-4, 2021-03-13, -3.7178, -0.0316, 24.6125
0-4, 2021-03-14, -3.7183, -0.0316, 24.5438
0-4, 2021-03-15, -1.3755, -0.0117, 24.9345
0-4, 2021-03-16, 3.152, 0.0178, 28.2741
0-4, 2021-03-17, 19.1878, 0.1083, 37.8849
0-4, 2021-03-18, 13.8633, 0.0783, 37.1369
0-4, 2021-03-19, 9.1329, 0.0516, 35.402
0-4, 2021-03-20, 12.1384, 0.0685, 36.7508
0-4, 2021-03-21, 13.8811, 0.0784, 38.4249
0-4, 2021-03-22, 11.2417, 0.0635, 36.1762
0-4, 2021-03-23, 6.4791, 0.0366, 34.7532
0-4, 2021-03-24, -8.4998, -0.0722, 29.3851
0-4, 2021-03-25, -13.6876, -0.1162, 23.4493
0-4, 2021-03-26, -12.6001, -0.107, 22.802
0-4, 2021-03-27, -15.0033, -0.1274, 21.7475
0-4, 2021-03-28, -15.1912, -0.129, 23.2337
0-4, 2021-03-29, -12.9215, -0.1097, 23.2546
0-4, 2021-03-30, -12.4752, -0.1059, 22.278
0-4, 2021-03-31, -11.101, -0.0942, 18.2841
0-4, 2021-04-01, -7.7385, -0.0657, 15.7108
0-4, 2021-04-02, -12.5437, -0.1065, 10.2582
0-4, 2021-04-03, -19.7552, -0.1677, 1.9923
0-4, 2021-04-04, -30.4271, -0.2583, -7.1935
0-4, 2021-04-05, -32.709, -0.2777, -9.4544
0-4, 2021-04-06, -37.2349, -0.3161, -14.9569
0-4, 2021-04-07, -38.5421, -0.3272, -20.258
0-4, 2021-04-08, -41.8493, -0.3553, -26.1385
0-4, 2021-04-09, -37.8077, -0.321, -27.5495
0-4, 2021-04-10, -25.1444, -0.2135, -23.1521
0-4, 2021-04-11, -8.5863, -0.0729, -15.7797
0-4, 2021-04-12, -2.2061, -0.0187, -11.6605
0-4, 2021-04-13, 10.8315, 0.0612, -4.1255
0-4, 2021-04-14, 32.1912, 0.1818, 11.9332
0-4, 2021-04-15, 57.082, 0.3223, 30.9435
0-4, 2021-04-16, 64.1055, 0.362, 36.556
0-4, 2021-04-17, 57.9874, 0.3274, 34.8354
0-4, 2021-04-18, 48.1424, 0.2718, 32.3626
0-4, 2021-04-19, 40.0386, 0.2261, 28.378
0-4, 2021-04-20, 27.3514, 0.1544, 23.226
0-4, 2021-04-21, 4.5321, 0.0256, 16.4653
0-4, 2021-04-22, -21.6137, -0.1835, 9.3298
0-4, 2021-04-23, -26.1622, -0.2221, 10.3938
0-4, 2021-04-24, -24.0384, -0.2041, 10.7969
0-4, 2021-04-25, -24.0604, -0.2043, 8.3022
0-4, 2021-04-26, -18.8668, -0.1602, 9.5113
0-4, 2021-04-27, -10.0546, -0.0854, 13.1713
0-4, 2021-04-28, -7.0064, -0.0595, 9.4589
0-4, 2021-04-29, -4.4821, -0.0381, 4.8478
0-4, 2021-04-30, -8.9708, -0.0762, 1.423
0-4, 2021-05-01, -12.5177, -0.1063, -1.7208
0-4, 2021-05-02, -12.8633, -0.1092, -4.5611
0-4, 2021-05-03, -17.3446, -0.1472, -7.8333
0-4, 2021-05-04, -27.6607, -0.2348, -14.4894
0-4, 2021-05-05, -25.8499, -0.2195, -16.391
0-4, 2021-05-06, -21.8137, -0.1852, -16.966
0-4, 2021-05-07, -21.1616, -0.1797, -19.7386
0-4, 2021-05-08, -19.5265, -0.1658, -21.2473
0-4, 2021-05-09, -15.7602, -0.1338, -20.3213
0-4, 2021-05-10, -11.2545, -0.0955, -19.0878
0-4, 2021-05-11, -2.7084, -0.023, -17.1977
0-4, 2021-05-12, -1.4352, -0.0122, -17.8262
0-4, 2021-05-13, 0.261, 0.0015, -16.705
0-4, 2021-05-14, 1.9225, 0.0109, -17.8161
0-4, 2021-05-15, 0.263, 0.0015, -20.9843
0-4, 2021-05-16, -5.8128, -0.0493, -26.1341
0-4, 2021-05-17, -8.65, -0.0734, -27.7378
0-4, 2021-05-18, -11.0388, -0.0937, -28.2365
0-4, 2021-05-19, -11.1973, -0.0951, -29.0235
0-4, 2021-05-20, -16.2232, -0.1377, -32.9282
0-4, 2021-05-21, -14.1186, -0.1199, -31.9347
0-4, 2021-05-22, -4.9089, -0.0417, -25.8931
0-4, 2021-05-23, 5.5609, 0.0314, -20.5732
0-4, 2021-05-24, 6.535, 0.0369, -21.2027
0-4, 2021-05-25, 6.0419, 0.0341, -22.1946
0-4, 2021-05-26, -2.417, -0.0205, -31.4405
0-4, 2021-05-27, -0.2267, -0.0019, -33.1549
0-4, 2021-05-28, -0.6851, -0.0058, -32.6199
0-4, 2021-05-29, -11.7775, -0.1, -37.6706
0-4, 2021-05-30, -20.1055, -0.1707, -40.6787
0-4, 2021-05-31, -18.0471, -0.1532, -39.2499
0-4, 2021-06-01, -13.9989, -0.1188, -36.1935
0-4, 2021-06-02, 13.6529, 0.0771, -17.7877
0-4, 2021-06-03, 20.8936, 0.118, -12.2612
0-4, 2021-06-04, 12.353, 0.0697, -20.2668
0-4, 2021-06-05, 14.878, 0.084, -22.7926
0-4, 2021-06-06, 17.0726, 0.0964, -23.6061
0-4, 2021-06-07, 11.1092, 0.0627, -28.1407
0-4, 2021-06-08, 4.2193, 0.0238, -31.9742
0-4, 2021-06-09, -26.7019, -0.2267, -44.4895
0-4, 2021-06-10, -37.3174, -0.3168, -49.5787
0-4, 2021-06-11, -26.028, -0.221, -46.2948
0-4, 2021-06-12, -21.0017, -0.1783, -43.7943
0-4, 2021-06-13, -17.7209, -0.1504, -41.327
0-4, 2021-06-14, -12.2189, -0.1037, -40.3596
0-4, 2021-06-15, -6.7219, -0.0571, -38.6961
0-4, 2021-06-16, 10.9938, 0.0621, -33.4957
0-4, 2021-06-17, 20.0522, 0.1132, -29.5265
0-4, 2021-06-18, 12.7637, 0.0721, -33.5312
0-4, 2021-06-19, 8.3054, 0.0469, -35.489
0-4, 2021-06-20, 1.5855, 0.009, -39.7415
0-4, 2021-06-21, 2.1687, 0.0122, -38.191
0-4, 2021-06-22, -0.5835, -0.005, -39.2796
0-4, 2021-06-23, -9.3614, -0.0795, -42.8571
0-4, 2021-06-24, -15.5328, -0.1319, -45.0593
0-4, 2021-06-25, -4.6385, -0.0394, -38.1696
0-4, 2021-06-26, 0.2811, 0.0016, -35.2078
0-4, 2021-06-27, 8.3742, 0.0473, -31.3673
0-4, 2021-06-28, 5.9416, 0.0335, -32.2493
0-4, 2021-06-29, 6.5112, 0.0368, -32.7684
0-4, 2021-06-30, 14.9725, 0.0845, -27.8846
0-4, 2021-07-01, 25.6348, 0.1447, -19.4245
0-4, 2021-07-02, 10.0108, 0.0565, -28.1588
0-4, 2021-07-03, 9.5474, 0.0539, -25.6604
0-4, 2021-07-04, 3.2423, 0.0183, -28.125
0-4, 2021-07-05, 2.2493, 0.0127, -30
0-4, 2021-07-06, 1.6759, 0.0095, -31.0924
0-4, 2021-07-07, -1.4487, -0.0123, -29.3333
0-4, 2021-07-08, -16.2898, -0.1383, -35.7143
0-4, 2021-07-09, 2.5307, 0.0143, -25.6281
0-4, 2021-07-10, 3.3254, 0.0188, -22.335
0-4, 2021-07-11, 21.0598, 0.1189, -7.0652
0-4, 2021-07-12, 29.4286, 0.1662, -0.5714
0-4, 2021-07-13, 40.2388, 0.2272, 9.1463
0-4, 2021-07-14, 50.0881, 0.2828, 20.7547
0-4, 2021-07-15, 80.8532, 0.4565, 45.1389
0-4, 2021-07-16, 69.5471, 0.3927, 43.9189
0-4, 2021-07-17, 72.6618, 0.4103, 50.3268
0-4, 2021-07-18, 43.3225, 0.2446, 36.2573
0-4, 2021-07-19, 42.5255, 0.2401, 41.954
0-4, 2021-07-20, 32.1944, 0.1818, 41.3408
0-4, 2021-07-21, 9.4536, 0.0534, 30.2083
0-4, 2021-07-22, -19.78, -0.1679, 25.3589
0-4, 2021-07-23, -12.4635, -0.1058, 31.4554
0-4, 2021-07-24, -20.7616, -0.1763, 29.5652
0-4, 2021-07-25, -2.3517, -0.02, 33.9056
0-4, 2021-07-26, -8.3508, -0.0709, 33.6032
0-4, 2021-07-27, -9.7202, -0.0825, 31.6206
0-4, 2021-07-28, 16.9917, 0.0959, 47.2
0-4, 2021-07-29, 34.9465, 0.1973, 60.3053
0-4, 2021-07-30, 36.4017, 0.2055, 67.8571
0-4, 2021-07-31, 27.8173, 0.1571, 57.3826
0-4, 2021-08-01, 22.1842, 0.1253, 56.0897
0-4, 2021-08-02, 18.518, 0.1046, 52.1212
0-4, 2021-08-03, 31.4425, 0.1775, 63.0631
0-4, 2021-08-04, 5.5174, 0.0312, 52.7174
0-4, 2021-08-05, -18.8768, -0.1603, 41.4286
0-4, 2021-08-06, -36.7933, -0.3124, 31.0638
0-4, 2021-08-07, -20.2823, -0.1722, 37.1002
0-4, 2021-08-08, -11.5312, -0.0979, 44.5585
0-4, 2021-08-09, -7.3005, -0.062, 44.8207
0-4, 2021-08-10, -27.8881, -0.2368, 35.175
0-4, 2021-08-11, -16.0626, -0.1364, 36.6548
0-4, 2021-08-12, 3.8576, 0.0218, 45.2862
0-4, 2021-08-13, 24.131, 0.1363, 55.1948
0-4, 2021-08-14, 28.9962, 0.1637, 66.0964
0-4, 2021-08-15, 19.0778, 0.1077, 63.6364
0-4, 2021-08-16, 19.1408, 0.1081, 63.9615
0-4, 2021-08-17, 31.9913, 0.1806, 67.1662
0-4, 2021-08-18, 38.3452, 0.2165, 75
0-4, 2021-08-19, 18.5608, 0.1048, 63.847
0-4, 2021-08-20, 4.4286, 0.025, 59.6234
0-4, 2021-08-21, -15.5346, -0.1319, 50.5618
0-4, 2021-08-22, -14.7648, -0.1253, 48.8715
0-4, 2021-08-23, -15.0521, -0.1278, 48.9094
0-4, 2021-08-24, -15.1695, -0.1288, 51.9967
0-4, 2021-08-25, -27.8274, -0.2362, 47.1726
0-4, 2021-08-26, -7.9065, -0.0671, 55.9406
0-4, 2021-08-27, 1.7134, 0.0097, 61.3368
0-4, 2021-08-28, 9.8238, 0.0555, 60.3856
0-4, 2021-08-29, 9.5541, 0.0539, 58.4257
0-4, 2021-08-30, 10.2455, 0.0578, 59.1549
0-4, 2021-08-31, 2.963, 0.0167, 54.9598
0-4, 2021-09-01, 2.4735, 0.014, 49.6461
0-4, 2021-09-02, -18.0721, -0.1534, 37.8685
0-4, 2021-09-03, -35.7885, -0.3038, 25.5483
0-4, 2021-09-04, -40.1064, -0.3405, 20.2792
0-4, 2021-09-05, -41.5688, -0.3529, 16.8568
0-4, 2021-09-06, -44.4293, -0.3772, 14.7257
0-4, 2021-09-07, -41.0498, -0.3485, 13.91
0-4, 2021-09-08, -39.2407, -0.3331, 10.4054
0-4, 2021-09-09, -28.8882, -0.2452, 8.9803
0-4, 2021-09-10, -14.0634, -0.1194, 11.485
0-4, 2021-09-11, -8.9961, -0.0764, 11.283
0-4, 2021-09-12, -12.7308, -0.1081, 4.126
0-4, 2021-09-13, -10.7146, -0.091, 4.0111
0-4, 2021-09-14, -12.4216, -0.1055, 1.4885
0-4, 2021-09-15, -12.3332, -0.1047, -1.9278
0-4, 2021-09-16, -16.9791, -0.1441, -7.9988
0-4, 2021-09-17, -27.2714, -0.2315, -15.7864
0-4, 2021-09-18, -30.9238, -0.2625, -19.6408
0-4, 2021-09-19, -21.8513, -0.1855, -17.7253
0-4, 2021-09-20, -23.0262, -0.1955, -19.0151
0-4, 2021-09-21, -21.7219, -0.1844, -20.2335
0-4, 2021-09-22, -18.8522, -0.16, -20.78
0-4, 2021-09-23, -11.7191, -0.0995, -19.7178
0-4, 2021-09-24, -1.8221, -0.0155, -17.6085
0-4, 2021-09-25, 0.679, 0.0038, -18.9618
0-4, 2021-09-26, -0.3997, -0.0034, -18.125
0-4, 2021-09-27, 0.5902, 0.0033, -18.4249
0-4, 2021-09-28, 2.635, 0.0149, -17.5985
0-4, 2021-09-29, 4.5532, 0.0257, -16.2269
0-4, 2021-09-30, 9.0517, 0.0511, -10.6661
0-4, 2021-10-01, 9.2857, 0.0524, -8.3229
0-4, 2021-10-02, 15.2251, 0.086, -3.7367
0-4, 2021-10-03, 13.0509, 0.0737, -5.0741
0-4, 2021-10-04, 13.71, 0.0774, -4.7149
0-4, 2021-10-05, 11.4965, 0.0649, -6.102
0-4, 2021-10-06, 6.918, 0.0391, -9.3089
0-4, 2021-10-07, -5.3449, -0.0454, -16.011
0-4, 2021-10-08, -9.5147, -0.0808, -17.8376
0-4, 2021-10-09, -14.8401, -0.126, -18.5767
0-4, 2021-10-10, -10.5834, -0.0898, -15.6575
0-4, 2021-10-11, -11.9675, -0.1016, -16.6824
0-4, 2021-10-12, -7.9135, -0.0672, -14.0155
0-4, 2021-10-13, -0.9555, -0.0081, -10.2644
0-4, 2021-10-14, 13.3966, 0.0756, -2.6144
0-4, 2021-10-15, 17.3934, 0.0982, -0.4442
0-4, 2021-10-16, 23.2873, 0.1315, 4.7106
0-4, 2021-10-17, 19.0226, 0.1074, 3.3651
0-4, 2021-10-18, 24.205, 0.1367, 7.5226
0-4, 2021-10-19, 22.9834, 0.1298, 8.9679
0-4, 2021-10-20, 25.4001, 0.1434, 15.1358
0-4, 2021-10-21, 18.0506, 0.1019, 15.4362
0-4, 2021-10-22, 26.2668, 0.1483, 25.8226
0-4, 2021-10-23, 21.6851, 0.1224, 26.3957
0-4, 2021-10-24, 29.8959, 0.1688, 33.261
0-4, 2021-10-25, 24.9866, 0.1411, 32.5092
0-4, 2021-10-26, 24.7796, 0.1399, 33.7474
0-4, 2021-10-27, 19.084, 0.1078, 34.2198
0-4, 2021-10-28, 23.6626, 0.1336, 39.0988
0-4, 2021-10-29, 11.1454, 0.0629, 36.9681
0-4, 2021-10-30, 11.2973, 0.0638, 37.693
0-4, 2021-10-31, -1.1356, -0.0096, 32.1254
0-4, 2021-11-01, 0.5595, 0.0032, 33.0687
0-4, 2021-11-02, -3.7939, -0.0322, 29.9536
0-4, 2021-11-03, -14.5188, -0.1233, 19.7009
0-4, 2021-11-04, -27.6046, -0.2343, 11.4943
0-4, 2021-11-05, -23.2464, -0.1973, 13.7217
0-4, 2021-11-06, -19.9103, -0.169, 17.7826
0-4, 2021-11-07, -9.9066, -0.0841, 22.2188
0-4, 2021-11-08, -9.0532, -0.0769, 24.0155
0-4, 2021-11-09, 2.0595, 0.0116, 32.0131
0-4, 2021-11-10, 30.018, 0.1695, 49.7189
0-4, 2021-11-11, 52.9231, 0.2988, 64.4174
0-4, 2021-11-12, 44.5879, 0.2518, 58.3096
0-4, 2021-11-13, 38.1402, 0.2154, 55.9228
0-4, 2021-11-14, 32.4711, 0.1833, 54.6899
0-4, 2021-11-15, 33.526, 0.1893, 57.5415
0-4, 2021-11-16, 23.9535, 0.1353, 55.9666
0-4, 2021-11-17, -1.4503, -0.0123, 48.2687
0-4, 2021-11-18, -20.8871, -0.1773, 43.5303
0-4, 2021-11-19, -18.2952, -0.1553, 40.0144
0-4, 2021-11-20, -16.6316, -0.1412, 39.2912
0-4, 2021-11-21, -17.4283, -0.148, 37.2616
0-4, 2021-11-22, -23.3531, -0.1983, 34.1884
0-4, 2021-11-23, -23.6409, -0.2007, 32.3257
0-4, 2021-11-24, -17.7678, -0.1508, 30.5008
0-4, 2021-11-25, -15.7967, -0.1341, 27.7337
0-4, 2021-11-26, -9.1503, -0.0777, 30.864
0-4, 2021-11-27, -11.9476, -0.1014, 27.3436
0-4, 2021-11-28, -12.0508, -0.1023, 25.2108
0-4, 2021-11-29, -12.3177, -0.1046, 21.8707
0-4, 2021-11-30, -12.6624, -0.1075, 19.6634
0-4, 2021-12-01, -12.4112, -0.1054, 18.0897
0-4, 2021-12-02, -13.2555, -0.1125, 14.4782
0-4, 2021-12-03, -20.4549, -0.1737, 10.4091
0-4, 2021-12-04, -18.0128, -0.1529, 9.3308
0-4, 2021-12-05, -17.1019, -0.1452, 8.1089
0-4, 2021-12-06, -14.3264, -0.1216, 7.5444
0-4, 2021-12-07, -14.7309, -0.1251, 4.9324
0-4, 2021-12-08, -13.3426, -0.1133, 4.7471
0-4, 2021-12-09, -9.5081, -0.0807, 4.9701
0-4, 2021-12-10, -7.0681, -0.06, 3.341
0-4, 2021-12-11, -6.5064, -0.0552, 2.8244
0-4, 2021-12-12, -5.8894, -0.05, 2.2195
0-4, 2021-12-13, -6.0684, -0.0515, 1.476
0-4, 2021-12-14, -4.619, -0.0392, 0.3134
0-4, 2021-12-15, -8.1374, -0.0691, -3.3903
0-4, 2021-12-16, -10.8002, -0.0917, -5.8301
0-4, 2021-12-17, -10.1424, -0.0861, -6.8014
0-4, 2021-12-18, -12.7827, -0.1085, -9.9583
0-4, 2021-12-19, -13.0588, -0.1109, -10.8393
0-4, 2021-12-20, -12.0509, -0.1023, -10.5749
0-4, 2021-12-21, -11.8458, -0.1006, -11.5325
0-4, 2021-12-22, -9.0319, -0.0767, -12.4222
0-4, 2021-12-23, -7.5228, -0.0639, -13.3529
0-4, 2021-12-24, -9.9437, -0.0844, -16.7451
0-4, 2021-12-25, -12.3405, -0.1048, -22.2988
0-4, 2021-12-26, -18.2876, -0.1553, -29.127
0-4, 2021-12-27, -19.3141, -0.164, -29.889
0-4, 2021-12-28, -19.9241, -0.1691, -31.4566
0-4, 2021-12-29, -21.2202, -0.1801, -33.6424
0-4, 2021-12-30, -22.3199, -0.1895, -35.6728
0-4, 2021-12-31, -18.6383, -0.1582, -35.3834
0-4, 2022-01-01, -8.3199, -0.0706, -30.6187
0-4, 2022-01-02, 6.6905, 0.0378, -22.4365
0-4, 2022-01-03, 11.4802, 0.0648, -18.4088
0-4, 2022-01-04, 16.6455, 0.094, -14.8111
0-4, 2022-01-05, 27.5418, 0.1555, -6.1006
0-4, 2022-01-06, 41.9002, 0.2366, 6.2274
0-4, 2022-01-07, 51.6928, 0.2919, 16.3094
0-4, 2022-01-08, 61.8205, 0.3491, 31.2018
0-4, 2022-01-09, 65.1085, 0.3676, 42.672
0-4, 2022-01-10, 59.5863, 0.3364, 41.1775
0-4, 2022-01-11, 65.2059, 0.3682, 50.3948
0-4, 2022-01-12, 66.8875, 0.3777, 60.7869
0-4, 2022-01-13, 62.976, 0.3556, 69.2034
0-4, 2022-01-14, 73.4871, 0.4149, 89.7965
0-4, 2022-01-15, 62.095, 0.3506, 93.2968
0-4, 2022-01-16, 49.1051, 0.2773, 91.7771
0-4, 2022-01-17, 55.8134, 0.3151, 96.9909
0-4, 2022-01-18, 57.1781, 0.3228, 107.5729
0-4, 2022-01-19, 57.5762, 0.3251, 118.3632
0-4, 2022-01-20, 56.6582, 0.3199, 125.8616
0-4, 2022-01-21, 34.0382, 0.1922, 123.8347
0-4, 2022-01-22, 30.8673, 0.1743, 124.1641
0-4, 2022-01-23, 28.004, 0.1581, 119.7811
0-4, 2022-01-24, 18.9281, 0.1069, 115.9189
0-4, 2022-01-25, -1.0135, -0.0086, 106.5594
0-4, 2022-01-26, -29.287, -0.2486, 89.0762
0-4, 2022-01-27, -53.967, -0.4582, 71.8946
0-4, 2022-01-28, -71.7279, -0.6089, 52.1068
0-4, 2022-01-29, -86.3213, -0.7328, 37.8428
0-4, 2022-01-30, -88.3075, -0.7497, 31.4737
0-4, 2022-01-31, -89.3557, -0.7586, 26.5632
0-4, 2022-02-01, -87.4331, -0.7423, 19.1263
0-4, 2022-02-02, -76.7069, -0.6512, 12.3693
0-4, 2022-02-03, -64.0467, -0.5437, 7.8479
0-4, 2022-02-04, -44.8689, -0.3809, 7.2379
0-4, 2022-02-05, -31.7574, -0.2696, 6.0854
0-4, 2022-02-06, -26.6256, -0.226, 4.8481
0-4, 2022-02-07, -21.0505, -0.1787, 5.5128
0-4, 2022-02-08, -14.4924, -0.123, 4.6338
0-4, 2022-02-09, -5.8094, -0.0493, 6.5598
0-4, 2022-02-10, -2.1365, -0.0181, 5.7114
0-4, 2022-02-11, -3.3461, -0.0284, 3.8917
0-4, 2022-02-12, -2.3722, -0.0201, 3.7132
0-4, 2022-02-13, -1.2106, -0.0103, 3.6374
0-4, 2022-02-14, -3.523, -0.0299, 1.9898
0-4, 2022-02-15, -3.5345, -0.03, 1.0993
0-4, 2022-02-16, -8.4233, -0.0715, -1.8634
0-4, 2022-02-17, -9.113, -0.0774, -3.4016
0-4, 2022-02-18, -8.3996, -0.0713, -4.5078
0-4, 2022-02-19, -11.2944, -0.0959, -7.5812
0-4, 2022-02-20, -11.4763, -0.0974, -7.8389
0-4, 2022-02-21, -10.0104, -0.085, -8.0206
0-4, 2022-02-22, -10.6768, -0.0906, -9.5775
0-4, 2022-02-23, -7.1687, -0.0609, -9.0321
0-4, 2022-02-24, -5.7129, -0.0485, -9.1144
0-4, 2022-02-25, -3.9383, -0.0334, -8.4461
0-4, 2022-02-26, 1.4096, 0.008, -6.1715
0-4, 2022-02-27, 2.3189, 0.0131, -5.52
0-4, 2022-02-28, 3.6028, 0.0203, -4.4178
0-4, 2022-03-01, 6.4088, 0.0362, -3.1687
0-4, 2022-03-02, 4.7363, 0.0267, -4.2959
0-4, 2022-03-03, 5.454, 0.0308, -3.6604
0-4, 2022-03-04, 4.4308, 0.025, -4.0153
0-4, 2022-03-05, 1.6116, 0.0091, -4.5599
0-4, 2022-03-06, 0.1901, 0.0011, -5.3299
0-4, 2022-03-07, -0.7694, -0.0065, -5.1873
0-4, 2022-03-08, -0.2076, -0.0018, -3.3762
0-4, 2022-03-09, 1.9688, 0.0111, -2.3271
0-4, 2022-03-10, 3.6164, 0.0204, -0.044
0-4, 2022-03-11, 5.7286, 0.0323, 1.7133
0-4, 2022-03-12, 8.8222, 0.0498, 4.2622
0-4, 2022-03-13, 11.9069, 0.0672, 6.577
0-4, 2022-03-14, 11.8703, 0.067, 6.683
0-4, 2022-03-15, 11.7623, 0.0664, 8.3861
0-4, 2022-03-16, 12.1489, 0.0686, 9.8218
0-4, 2022-03-17, 10.3237, 0.0583, 10.2797
0-4, 2022-03-18, 9.0893, 0.0513, 10.8026
0-4, 2022-03-19, 5.6751, 0.032, 9.9374
0-4, 2022-03-20, -0.5474, -0.0046, 6.0296
0-4, 2022-03-21, -1.2166, -0.0103, 5.4664
0-4, 2022-03-22, -4.0012, -0.034, 4.3849
0-4, 2022-03-23, -4.1281, -0.035, 5.6937
0-4, 2022-03-24, -5.3842, -0.0457, 4.8956
0-4, 2022-03-25, -6.8764, -0.0584, 3.9262
0-4, 2022-03-26, -6.4181, -0.0545, 3.5193
0-4, 2022-03-27, -2.6009, -0.0221, 3.4287
0-4, 2022-03-28, -4.3565, -0.037, 1.1099
0-4, 2022-03-29, -4.1711, -0.0354, 0.2138
0-4, 2022-03-30, -9.4812, -0.0805, -3.7874
0-4, 2022-03-31, -14.1431, -0.1201, -9.2476
0-4, 2022-04-01, -18.0083, -0.1529, -14.0821
0-4, 2022-04-02, -22.6134, -0.192, -19.0941
0-4, 2022-04-03, -25.3284, -0.215, -21.8997
0-4, 2022-04-04, -23.7689, -0.2018, -22.659
0-4, 2022-04-05, -24.4547, -0.2076, -24.2409
0-4, 2022-04-06, -21.7152, -0.1844, -25.5027
0-4, 2022-04-07, -17.1009, -0.1452, -26.3485
0-4, 2022-04-08, -13.1201, -0.1114, -27.2022
0-4, 2022-04-09, -6.5344, -0.0555, -25.6285
0-4, 2022-04-10, -2.7983, -0.0238, -24.698
0-4, 2022-04-11, -1.2291, -0.0104, -23.8881
0-4, 2022-04-12, 2.8799, 0.0163, -21.3609
0-4, 2022-04-13, 5.3487, 0.0302, -20.154
0-4, 2022-04-14, 8.8609, 0.05, -17.4876
0-4, 2022-04-15, 12.49, 0.0705, -14.7122
0-4, 2022-04-16, 3.2867, 0.0186, -22.3418
0-4, 2022-04-17, 1.1872, 0.0067, -23.5108
0-4, 2022-04-18, -1.0716, -0.0091, -24.9597
0-4, 2022-04-19, -17.9532, -0.1524, -39.3141
0-4, 2022-04-20, -19.7522, -0.1677, -39.9062
0-4, 2022-04-21, -24.1497, -0.205, -41.6373
0-4, 2022-04-22, -27.7097, -0.2352, -42.4219
0-4, 2022-04-23, -7.2114, -0.0612, -29.5532
0-4, 2022-04-24, -3.7371, -0.0317, -27.2479
0-4, 2022-04-25, -1.677, -0.0142, -26.6367
0-4, 2022-04-26, 40.6017, 0.2293, 1.2876
0-4, 2022-04-27, 41.2172, 0.2327, 1.311
0-4, 2022-04-28, 38.7112, 0.2186, -2.9261
0-4, 2022-04-29, 33.5888, 0.1897, -8.8331
0-4, 2022-04-30, 10.5577, 0.0596, -18.9955
0-4, 2022-05-01, 4.8885, 0.0276, -22.3594
0-4, 2022-05-02, 3.3786, 0.0191, -23.2581
0-4, 2022-05-03, -30.1541, -0.256, -28.8665
0-4, 2022-05-04, -29.1333, -0.2473, -27.8223
0-4, 2022-05-05, -18.1607, -0.1542, -21.0868
0-4, 2022-05-06, -4.5617, -0.0387, -13.3949
0-4, 2022-05-07, 7.5965, 0.0429, -11.3991
0-4, 2022-05-08, 11.3112, 0.0639, -11.0482
0-4, 2022-05-09, 12.7396, 0.0719, -10.5186
0-4, 2022-05-10, 17.6975, 0.0999, -11.169
0-4, 2022-05-11, 14.6233, 0.0826, -13.199
0-4, 2022-05-12, 6.3643, 0.0359, -14.7225
0-4, 2022-05-13, -4.3316, -0.0368, -17.7264
0-4, 2022-05-14, -7.5797, -0.0643, -18.9788
0-4, 2022-05-15, -7.8492, -0.0666, -18.8974
0-4, 2022-05-16, -8.146, -0.0692, -18.6646
0-4, 2022-05-17, -13.3071, -0.113, -24.4761
0-4, 2022-05-18, -14.8722, -0.1263, -28.0712
0-4, 2022-05-19, -18.4602, -0.1567, -33.1827
0-4, 2022-05-20, -17.6992, -0.1503, -35.4256
0-4, 2022-05-21, -19.4279, -0.1649, -38.4067
0-4, 2022-05-22, -19.3022, -0.1639, -38.1997
0-4, 2022-05-23, -19.6054, -0.1664, -38.27
0-4, 2022-05-24, -14.012, -0.119, -38.4881
0-4, 2022-05-25, -10.3672, -0.088, -38.4384
0-4, 2022-05-26, -5.6118, -0.0476, -38.7945
0-4, 2022-05-27, -11.9462, -0.1014, -47.3718
0-4, 2022-05-28, -6.1002, -0.0518, -44.5068
0-4, 2022-05-29, -7.1225, -0.0605, -45.3221
0-4, 2022-05-30, -7.532, -0.0639, -45.802
0-4, 2022-05-31, -3.4325, -0.0291, -41.9206
0-4, 2022-06-01, 1.6325, 0.0092, -36.8059
0-4, 2022-06-02, 10.7002, 0.0604, -28.0943
0-4, 2022-06-03, 49.7381, 0.2808, 2.3663
0-4, 2022-06-04, 51.2747, 0.2895, 6.7679
0-4, 2022-06-05, 54.9191, 0.3101, 9.597
0-4, 2022-06-06, 57.6609, 0.3256, 11.859
0-4, 2022-06-07, 24.4543, 0.1381, -17.4663
0-4, 2022-06-08, 44.609, 0.2519, 7.8032
0-4, 2022-06-09, 47.5957, 0.2687, 19.5014
0-4, 2022-06-10, 15.1059, 0.0853, 17.4722
0-4, 2022-06-11, 17.8174, 0.1006, 24.5853
0-4, 2022-06-12, 14.6473, 0.0827, 24.2443
0-4, 2022-06-13, 13.8335, 0.0781, 25.6925
0-4, 2022-06-14, 137.7089, 0.7776, 120.2426
0-4, 2022-06-15, 68.0038, 0.384, 75.807
0-4, 2022-06-16, 36.1431, 0.2041, 55.6445
0-4, 2022-06-17, 9.3358, 0.0527, 26.8081
0-4, 2022-06-18, -1.1664, -0.0099, 23.4189
0-4, 2022-06-19, 0.0095, 0.0001, 24.2538
0-4, 2022-06-20, -2.0602, -0.0175, 23.6322
0-4, 2022-06-21, -117.7929, -1, 2.4497
0-4, 2022-06-22, -70.0021, -0.5943, 5.8049
0-4, 2022-06-23, -42.7359, -0.3628, 12.9086
0-4, 2022-06-24, 14.0222, 0.0792, 40.8303
0-4, 2022-06-25, 12.9517, 0.0731, 36.3706
0-4, 2022-06-26, 11.8584, 0.067, 36.1122
0-4, 2022-06-27, 10.8279, 0.0611, 34.4602
0-4, 2022-06-28, 33.7876, 0.1908, 36.2373
0-4, 2022-06-29, 28.8489, 0.1629, 34.6538
0-4, 2022-06-30, 18.56, 0.1048, 31.4685
0-4, 2022-07-01, -21.0392, -0.1786, 19.7911
0-4, 2022-07-02, -14.6444, -0.1243, 21.7262
0-4, 2022-07-03, -15.1423, -0.1286, 20.9699
0-4, 2022-07-04, -12.6866, -0.1077, 21.7736
0-4, 2022-07-05, -19.0672, -0.1619, 17.1701
0-4, 2022-07-06, -23.1594, -0.1966, 11.4944
0-4, 2022-07-07, -22.896, -0.1944, 8.5725
0-4, 2022-07-08, -13.7464, -0.1167, 6.0447
0-4, 2022-07-09, -17.7457, -0.1507, 3.9805
0-4, 2022-07-10, -15.6125, -0.1325, 5.3574
0-4, 2022-07-11, -16.0804, -0.1365, 5.6932
0-4, 2022-07-12, -12.2932, -0.1044, 4.8769
0-4, 2022-07-13, -6.474, -0.055, 5.0204
0-4, 2022-07-14, -2.2947, -0.0195, 6.2778
0-4, 2022-07-15, -0.6037, -0.0051, 5.441
0-4, 2022-07-16, 5.0708, 0.0286, 9.0513
0-4, 2022-07-17, 3.8933, 0.022, 9.2506
0-4, 2022-07-18, 2.4991, 0.0141, 8.1923
0-4, 2022-07-19, 1.7551, 0.0099, 6.632
0-4, 2022-07-20, 1.0163, 0.0057, 6.0367
0-4, 2022-07-21, -3.8442, -0.0326, 2.4335
0-4, 2022-07-22, -5.035, -0.0427, 0.406
0-4, 2022-07-23, -15.847, -0.1345, -6.7956
0-4, 2022-07-24, -16.9192, -0.1436, -7.6685
0-4, 2022-07-25, -15.7095, -0.1334, -7.5172
0-4, 2022-07-26, -16.8697, -0.1432, -10.2378
0-4, 2022-07-27, -20.4527, -0.1736, -14.416
0-4, 2022-07-28, -20.1729, -0.1713, -17.7394
0-4, 2022-07-29, -20.1974, -0.1715, -19.7914
0-4, 2022-07-30, -14.902, -0.1265, -21.6976
0-4, 2022-07-31, -14.1448, -0.1201, -21.8134
0-4, 2022-08-01, -14.6905, -0.1247, -22.2078
0-4, 2022-08-02, -15.2799, -0.1297, -25.5176
0-4, 2022-08-03, -11.0771, -0.094, -25.4931
0-4, 2022-08-04, -7.655, -0.065, -25.3944
0-4, 2022-08-05, -4.5651, -0.0388, -24.3566
0-4, 2022-08-06, -1.0341, -0.0088, -22.7317
0-4, 2022-08-07, -1.0105, -0.0086, -22.8238
0-4, 2022-08-08, -0.3626, -0.0031, -22.5703
0-4, 2022-08-09, 1.3369, 0.0075, -24.1808
0-4, 2022-08-10, 3.691, 0.0208, -21.802
0-4, 2022-08-11, 2.9353, 0.0166, -22.4591
0-4, 2022-08-12, 1.8031, 0.0102, -22.5535
0-4, 2022-08-13, 2.8588, 0.0161, -19.873
0-4, 2022-08-14, 2.6556, 0.015, -20.1682
0-4, 2022-08-15, 2.2993, 0.013, -20.2711
0-4, 2022-08-16, 11.3786, 0.0642, -12.8021
0-4, 2022-08-17, 12.908, 0.0729, -8.894
0-4, 2022-08-18, 20.1059, 0.1135, -2.3532
0-4, 2022-08-19, 23.4593, 0.1325, 0.9058
0-4, 2022-08-20, 20.5298, 0.1159, 0.6569
0-4, 2022-08-21, 21.4853, 0.1213, 1.317
0-4, 2022-08-22, 21.3797, 0.1207, 1.1086
0-4, 2022-08-23, 12.2853, 0.0694, -0.5168
0-4, 2022-08-24, 4.0013, 0.0226, -4.8927
0-4, 2022-08-25, -4.854, -0.0412, -7.2072
0-4, 2022-08-26, -9.5458, -0.081, -8.64
0-4, 2022-08-27, -11.0979, -0.0942, -10.441
0-4, 2022-08-28, -12.2601, -0.1041, -10.943
0-4, 2022-08-29, -11.903, -0.1011, -10.7943
0-4, 2022-08-30, -10.2506, -0.087, -10.7674
0-4, 2022-08-31, -6.0755, -0.0516, -10.9682
0-4, 2022-09-01, -5.0743, -0.0431, -12.2816
0-4, 2022-09-02, -4.8947, -0.0416, -13.5348
0-4, 2022-09-03, -4.0062, -0.034, -14.4472
0-4, 2022-09-04, -2.7512, -0.0234, -13.6943
0-4, 2022-09-05, -2.8631, -0.0243, -13.6575
0-4, 2022-09-06, -5.8772, -0.0499, -16.6446
0-4, 2022-09-07, -3.3136, -0.0281, -14.2818
0-4, 2022-09-08, 0.7984, 0.0045, -11.4831
0-4, 2022-09-09, 5.9779, 0.0338, -7.5568
0-4, 2022-09-10, 10.3063, 0.0582, -4.141
0-4, 2022-09-11, 9.9735, 0.0563, -3.7208
0-4, 2022-09-12, 10.2408, 0.0578, -3.4166
0-4, 2022-09-13, 19.0256, 0.1074, 2.381
0-4, 2022-09-14, 17.684, 0.0999, 3.4022
0-4, 2022-09-15, 15.078, 0.0851, 3.5949
0-4, 2022-09-16, 10.169, 0.0574, 2.6122
0-4, 2022-09-17, 8.8897, 0.0502, 4.7488
0-4, 2022-09-18, 9.4059, 0.0531, 5.6851
0-4, 2022-09-19, 9.1487, 0.0517, 5.7321
0-4, 2022-09-20, 3.4485, 0.0195, 5.8295
0-4, 2022-09-21, -0.1119, -0.001, 3.2903
0-4, 2022-09-22, 0.5089, 0.0029, 4.1038
0-4, 2022-09-23, 1.8502, 0.0104, 4.4624
0-4, 2022-09-24, -2.5844, -0.0219, 2.1644
0-4, 2022-09-25, -4.2043, -0.0357, 1.4808
0-4, 2022-09-26, -3.9663, -0.0337, 1.7658
0-4, 2022-09-27, -6.5327, -0.0555, -0.7032
0-4, 2022-09-28, 2.8127, 0.0159, 6.103
0-4, 2022-09-29, -0.7995, -0.0068, 3.3043
0-4, 2022-09-30, 3.5651, 0.0201, 8.0275
0-4, 2022-10-01, 7.9988, 0.0452, 10.1632
0-4, 2022-10-02, 8.1082, 0.0458, 9.589
0-4, 2022-10-03, 7.6102, 0.043, 9.376
0-4, 2022-10-04, -19.0666, -0.1619, -19.7698
0-4, 2022-10-05, -19.7674, -0.1678, -13.6644
0-4, 2022-10-06, -7.4009, -0.0628, -4.0965
0-4, 2022-10-07, 1.3408, 0.0076, 9.3684
0-4, 2022-10-08, 3.4803, 0.0197, 13.6435
0-4, 2022-10-09, 4.5686, 0.0258, 14.1576
0-4, 2022-10-10, 4.2617, 0.0241, 13.6376
0-4, 2022-10-11, 120.2112, 0.6788, 100.4413
0-4, 2022-10-12, 88.5101, 0.4998, 74.8456
0-4, 2022-10-13, 59.5968, 0.3365, 55.5003
0-4, 2022-10-14, 14.8733, 0.084, 24.2417
0-4, 2022-10-15, 2.3639, 0.0133, 16.0073
0-4, 2022-10-16, 1.3387, 0.0076, 15.4963
0-4, 2022-10-17, 0.4207, 0.0024, 14.0583
0-4, 2022-10-18, -112.3863, -0.9541, -11.945
0-4, 2022-10-19, -84.7713, -0.7197, -9.9257
0-4, 2022-10-20, -65.3592, -0.5549, -9.8589
0-4, 2022-10-21, -31.605, -0.2683, -7.3633
0-4, 2022-10-22, -24.799, -0.2105, -8.7916
0-4, 2022-10-23, -23.9258, -0.2031, -8.4295
0-4, 2022-10-24, -21.6168, -0.1835, -7.5585
0-4, 2022-10-25, 3.4015, 0.0192, -8.5434
0-4, 2022-10-26, -4.5399, -0.0385, -14.4655
0-4, 2022-10-27, -6.359, -0.054, -16.2179
0-4, 2022-10-28, -10.6, -0.09, -17.9633
0-4, 2022-10-29, -10.7242, -0.091, -19.5159
0-4, 2022-10-30, -12.2547, -0.104, -20.6842
0-4, 2022-10-31, -13.2777, -0.1127, -20.8362
0-4, 2022-11-01, -23.5595, -0.2, -32.103
0-4, 2022-11-02, -26.6925, -0.2266, -41.158
0-4, 2022-11-03, -20.0302, -0.17, -36.2481
0-4, 2022-11-04, -17.5802, -0.1492, -35.5436
0-4, 2022-11-05, -15.9567, -0.1355, -35.4726
0-4, 2022-11-06, -14.3896, -0.1222, -35.0738
0-4, 2022-11-07, -14.1696, -0.1203, -35.0059
0-4, 2022-11-08, 11.6332, 0.0657, -20.4698
0-4, 2022-11-09, 40.215, 0.2271, -0.943
0-4, 2022-11-10, 21.8284, 0.1233, -14.4197
0-4, 2022-11-11, 17.3617, 0.098, -18.1818
0-4, 2022-11-12, 17.1622, 0.0969, -18.3104
0-4, 2022-11-13, 17.1542, 0.0969, -17.9196
0-4, 2022-11-14, 17.2632, 0.0975, -17.7427
0-4, 2022-11-15, -3.3277, -0.0283, -23.7975
0-4, 2022-11-16, -26.4163, -0.2243, -27.3593
0-4, 2022-11-17, -6.9045, -0.0586, -21.3242
0-4, 2022-11-18, 3.4645, 0.0196, -14.7173
0-4, 2022-11-19, 5.1673, 0.0292, -13.1431
0-4, 2022-11-20, 5.2465, 0.0296, -12.6731
0-4, 2022-11-21, 4.7899, 0.027, -12.9528
0-4, 2022-11-22, 11.3944, 0.0643, -12.4031
0-4, 2022-11-23, 10.7781, 0.0609, -16.5812
0-4, 2022-11-24, 8.962, 0.0506, -12.3622
0-4, 2022-11-25, -0.6541, -0.0056, -15.3714
0-4, 2022-11-26, -2.5167, -0.0214, -15.6598
0-4, 2022-11-27, -3.4245, -0.0291, -16.0976
0-4, 2022-11-28, -3.2515, -0.0276, -16.2043
0-4, 2022-11-29, 2.6054, 0.0147, -9.7977
0-4, 2022-11-30, 13.0293, 0.0736, -3.5519
0-4, 2022-12-01, 2.8257, 0.016, -9.5364
0-4, 2022-12-02, 8.2141, 0.0464, -7.1573
0-4, 2022-12-03, 10.7224, 0.0605, -4.9374
0-4, 2022-12-04, 11.301, 0.0638, -4.7965
0-4, 2022-12-05, 12.4421, 0.0703, -3.7622
0-4, 2022-12-06, 4.0514, 0.0229, -5.7463
0-4, 2022-12-07, -1.7597, -0.0149, -5.3116
0-4, 2022-12-08, 8.2919, 0.0468, -1.2445
0-4, 2022-12-09, 2.9391, 0.0166, -4.2182
0-4, 2022-12-10, 2.3039, 0.013, -2.6335
0-4, 2022-12-11, 2.0484, 0.0116, -2.7481
0-4, 2022-12-12, -0.0689, -0.0006, -3.8311
0-4, 2022-12-13, 4.6311, 0.0261, -1.1152
0-4, 2022-12-14, 1.4223, 0.008, -3.8893
0-4, 2022-12-15, 1.1704, 0.0066, -0.0741
0-4, 2022-12-16, 12.1908, 0.0688, 7.9727
0-4, 2022-12-17, 7.5922, 0.0429, 4.9587
0-4, 2022-12-18, 7.9286, 0.0448, 5.1805
0-4, 2022-12-19, 8.8718, 0.0501, 5.0407
0-4, 2022-12-20, 3.4461, 0.0195, 2.3308
0-4, 2022-12-21, 10.5819, 0.0597, 6.6926
0-4, 2022-12-22, 2.448, 0.0138, 2.3739
0-4, 2022-12-23, -11.2779, -0.0957, -3.3052
0-4, 2022-12-24, -5.6029, -0.0476, -0.6442
0-4, 2022-12-25, -6.3746, -0.0541, -1.194
0-4, 2022-12-26, -5.0407, -0.0428, 
0-4, 2022-12-27, -32.6027, -0.2768, -30.2719
0-4, 2022-12-28, -22.0099, -0.1869, -15.3173
0-4, 2022-12-29, -16.9391, -0.1438, -14.5652
0-4, 2022-12-30, -12.4039, -0.1053, -15.7091
0-4, 2022-12-31, -19.6728, -0.167, -20.317
0-4, 2023-01-01, -18.8211, -0.1598, -20.0151
0-4, 2023-01-02, -20.2012, -0.1715, -20.2012
0-4, 2023-01-03, 75.372, 0.4256, 45.1001
0-4, 2023-01-04, 26.2561, 0.1483, 10.9388
0-4, 2023-01-05, 20.5025, 0.1158, 5.9372
0-4, 2023-01-06, 18.5564, 0.1048, 2.8473
0-4, 2023-01-07, 20.7691, 0.1173, 0.4521
0-4, 2023-01-08, 19.9207, 0.1125, -0.0944
0-4, 2023-01-09, 20.6862, 0.1168, 0.485
0-4, 2023-01-10, -66.3782, -0.5635, -21.2781
0-4, 2023-01-11, -30.9699, -0.2629, -20.0311
0-4, 2023-01-12, -21.87, -0.1857, -15.9327
0-4, 2023-01-13, -15.3473, -0.1303, -12.5
0-4, 2023-01-14, -2.5223, -0.0214, -2.0702
0-4, 2023-01-15, -0.2836, -0.0024, -0.3781
0-4, 2023-01-16, -1.1606, -0.0099, -0.6757
0-4, 2023-01-17, 12.6988, 0.0717, -8.5793
0-4, 2023-01-18, 18.4777, 0.1043, -1.5534
0-4, 2023-01-19, 14.4089, 0.0814, -1.5238
0-4, 2023-01-20, 11.4453, 0.0646, -1.0547
0-4, 2023-01-21, -3.4445, -0.0292, -5.5147
0-4, 2023-01-22, -5.694, -0.0483, -6.0721
0-4, 2023-01-23, -6.2242, -0.0528, -6.8999
0-4, 2023-01-24, 9.7902, 0.0553, 1.2109
0-4, 2023-01-25, 0.7644, 0.0043, -0.789
0-4, 2023-01-26, -0.1203, -0.001, -1.6441
0-4, 2023-01-27, -0.8833, -0.0075, -1.938
0-4, 2023-01-28, 0.1645, 0.0009, -5.3502
0-4, 2023-01-29, 0.6176, 0.0035, -5.4545
0-4, 2023-01-30, 1.8895, 0.0107, -5.0104
0-4, 2023-01-31, -8.7882, -0.0746, -7.5773
0-4, 2023-02-01, -9.549, -0.0811, -10.338
0-4, 2023-02-02, -11.0403, -0.0937, -12.6844
0-4, 2023-02-03, -11.5996, -0.0985, -13.5375
0-4, 2023-02-04, -3.7968, -0.0322, -9.147
0-4, 2023-02-05, -3.1993, -0.0272, -8.6538
0-4, 2023-02-06, -2.4621, -0.0209, -7.4725
0-4, 2023-02-07, 1.5363, 0.0087, -6.041
0-4, 2023-02-08, 4.9056, 0.0277, -5.4324
0-4, 2023-02-09, 7.6168, 0.043, -5.0676
0-4, 2023-02-10, 9.6518, 0.0545, -3.8857
0-4, 2023-02-11, 1.3415, 0.0076, -7.8054
0-4, 2023-02-12, 0.3498, 0.002, -8.3041
0-4, 2023-02-13, -1.9099, -0.0162, -9.3824
0-4, 2023-02-14, -6.0141, -0.0511, -12.0551
0-4, 2023-02-15, -4.1808, -0.0355, -9.6131
0-4, 2023-02-16, 0.3226, 0.0018, -4.745
0-4, 2023-02-17, 2.6967, 0.0152, -1.1891
0-4, 2023-02-18, 13.695, 0.0773, 5.8896
0-4, 2023-02-19, 13.4061, 0.0757, 5.102
0-4, 2023-02-20, 14.887, 0.0841, 5.5046
0-4, 2023-02-21, 16.2327, 0.0917, 4.1775
0-4, 2023-02-22, 19.8596, 0.1121, 10.2464
0-4, 2023-02-23, 15.5793, 0.088, 10.8344
0-4, 2023-02-24, 8.1686, 0.0461, 6.9795
0-4, 2023-02-25, 0.4835, 0.0027, 6.3731
0-4, 2023-02-26, 2.3009, 0.013, 7.4029
0-4, 2023-02-27, 1.2035, 0.0068, 6.7081
0-4, 2023-02-28, 18.0029, 0.1017, 22.1805
0-4, 2023-03-01, 8.8124, 0.0498, 19.0588
0-4, 2023-03-02, 7.5926, 0.0429, 18.427
0-4, 2023-03-03, 5.8439, 0.033, 12.8234
0-4, 2023-03-04, -1.5801, -0.0134, 4.793
0-4, 2023-03-05, -2.3182, -0.0197, 5.0847
0-4, 2023-03-06, -2.4007, -0.0204, 4.3073
0-4, 2023-03-07, -38.0779, -0.3233, -15.8974
0-4, 2023-03-08, -46.4304, -0.3942, -27.3715
0-4, 2023-03-09, -53.0569, -0.4504, -34.63
0-4, 2023-03-10, -44.628, -0.3789, -31.8046
0-4, 2023-03-11, -33.4833, -0.2843, -28.6902
0-4, 2023-03-12, -33.5794, -0.2851, -28.4946
0-4, 2023-03-13, -32.0975, -0.2725, -27.7902
0-4, 2023-03-14, -2.5172, -0.0214, -18.4146
0-4, 2023-03-15, 23.0178, 0.13, -4.3537
0-4, 2023-03-16, 34.0494, 0.1923, -0.5806
0-4, 2023-03-17, 34.4362, 0.1944, 2.6316
0-4, 2023-03-18, 26.7952, 0.1513, -1.895
0-4, 2023-03-19, 25.3367, 0.1431, -3.1579
0-4, 2023-03-20, 24.3899, 0.1377, -3.4003
0-4, 2023-03-21, 13.0335, 0.0736, -5.3812
0-4, 2023-03-22, -14.1384, -0.12, -18.4922
0-4, 2023-03-23, -18.8355, -0.1599, -19.4161
0-4, 2023-03-24, -24.7114, -0.2098, -22.0798
0-4, 2023-03-25, -20.5418, -0.1744, -22.4368
0-4, 2023-03-26, -19.3576, -0.1643, -22.5155
0-4, 2023-03-27, -18.3597, -0.1559, -21.76
0-4, 2023-03-28, -18.9474, -0.1609, -24.3286
0-4, 2023-03-29, -0.8796, -0.0075, -19.3717
0-4, 2023-03-30, 0.7566, 0.0043, -18.6594
0-4, 2023-03-31, -1.869, -0.0159, -23.9488
0-4, 2023-04-01, -1.3179, -0.0112, -23.7548
0-4, 2023-04-02, 0.271, 0.0015, -22.2445
0-4, 2023-04-03, -0.3259, -0.0028, -22.0859
0-4, 2023-04-04, -0.9324, -0.0079, -25.261
0-4, 2023-04-05, -6.6023, -0.0561, -25.974
0-4, 2023-04-06, -7.6212, -0.0647, -26.2806
0-4, 2023-04-07, -3.9358, -0.0334, -27.8846
0-4, 2023-04-08, -13.4311, -0.114, -37.1859
0-4, 2023-04-09, -15.8998, -0.135, -38.1443
0-4, 2023-04-10, -17.0217, -0.1445, -39.1076
0-4, 2023-04-11, -37.0295, -0.3144, -62.2905
0-4, 2023-04-12, -16.1312, -0.1369, -42.1053
0-4, 2023-04-13, -15.4112, -0.1308, -41.6918
0-4, 2023-04-14, -9.4487, -0.0802, -37.3333
0-4, 2023-04-15, 26.3859, 0.149, -10.8
0-4, 2023-04-16, 30.2277, 0.1707, -7.9167
0-4, 2023-04-17, 30.4869, 0.1721, -8.6207
0-4, 2023-04-18, 177.1053, 1, 114.8148
