Meldedatum, difference, frozen, region, region_id, trend, value, Lower, Prediction, Upper
2022-11-14, -1.0605, 5.3841, Berlin, 11, -0.398, 5.38, , , 
2022-11-13, -1.0333, 5.4113, Berlin, 11, -0.3878, 5.41, , , 
2022-11-12, -1.0061, 5.5473, Berlin, 11, -0.3776, 5.55, , , 
2022-11-11, -1.4956, 5.1666, Berlin, 11, -0.5612, 6.47, 9.14, 9.84, 11.55
2022-11-10, -1.9579, 4.4596, Berlin, 11, -0.7347, 6.93, 8.93, 9.28, 9.6
2022-11-09, -0.5439, 5.0306, Berlin, 11, -0.2041, 7.83, 9.44, 9.74, 10.02
2022-11-08, -0.843, 5.2754, Berlin, 11, -0.3163, 8.51, 9.81, 10.07, 10.34
2022-11-07, -0.8702, 6.4446, Berlin, 11, -0.3265, 9.41, 10.44, 10.65, 10.86
2022-11-06, -1.0877, 6.4446, Berlin, 11, -0.4082, 9.38, 10.41, 10.61, 10.83
2022-11-05, -1.0877, 6.5534, Berlin, 11, -0.4082, 9.35, 10.36, 10.56, 10.77
2022-11-04, -1.0061, 6.6622, Berlin, 11, -0.3776, 9.46, 10.39, 10.57, 10.75
2022-11-03, -0.8158, 6.4175, Berlin, 11, -0.3061, 10.44, 11.36, 11.52, 11.7
2022-11-02, -1.6587, 5.5745, Berlin, 11, -0.6224, 10.44, 11.26, 11.39, 11.55
2022-11-01, -0.8158, 6.1183, Berlin, 11, -0.3061, 11.09, 11.84, 11.96, 12.12
2022-10-31, -0.8702, 7.3148, Berlin, 11, -0.3265, 11.15, 11.75, 11.86, 12
2022-10-30, -0.707, 7.5323, Berlin, 11, -0.2653, 11.37, 11.98, 12.09, 12.23
2022-10-29, -0.7342, 7.6411, Berlin, 11, -0.2755, 11.37, 11.97, 12.08, 12.23
2022-10-28, -1.1421, 7.6683, Berlin, 11, -0.4286, 12.16, 12.74, 12.86, 13
2022-10-27, -0.9789, 7.2332, Berlin, 11, -0.3673, 12.37, 12.9, 13, 13.14
2022-10-26, -0.4623, 7.2332, Berlin, 11, -0.1735, 12.7, 13.18, 13.28, 13.41
2022-10-25, -0.4351, 6.9341, Berlin, 11, -0.1633, 13.22, 13.64, 13.73, 13.86
2022-10-24, 0.7614, 8.185, Berlin, 11, 0.1522, 14.87, 15.25, 15.35, 15.47
2022-10-23, 0.8158, 8.2394, Berlin, 11, 0.163, 14.71, 15.08, 15.18, 15.3
2022-10-22, 0.9517, 8.3753, Berlin, 11, 0.1902, 14.74, 15.1, 15.2, 15.33
2022-10-21, 1.1421, 8.8104, Berlin, 11, 0.2283, 15.12, 15.45, 15.55, 15.66
2022-10-20, 0.9517, 8.2122, Berlin, 11, 0.1902, 15.17, 15.47, 15.56, 15.67
2022-10-19, 0.9245, 7.6955, Berlin, 11, 0.1848, 15.28, 15.55, 15.63, 15.73
2022-10-18, -0.5167, 7.3692, Berlin, 11, -0.1939, 14.77, 14.98, 15.06, 15.15
2022-10-17, 1.1693, 7.4236, Berlin, 11, 0.2337, 13.98, 14.13, 14.19, 14.26
2022-10-16, 1.1693, 7.4236, Berlin, 11, 0.2337, 13.95, 14.11, 14.16, 14.24
2022-10-15, 1.0877, 7.4236, Berlin, 11, 0.2174, 13.81, 13.97, 14.02, 14.1
2022-10-14, 2.3929, 7.6683, Berlin, 11, 0.4783, 13.54, 13.67, 13.72, 13.79
2022-10-13, 2.5833, 7.2604, Berlin, 11, 0.5163, 13.08, 13.19, 13.23, 13.28
2022-10-12, 3.535, 6.771, Berlin, 11, 0.7065, 13.35, 13.45, 13.48, 13.52
2022-10-11, 5.0034, 7.8859, Berlin, 11, 1, 14.66, 14.74, 14.76, 14.79
2022-10-10, 1.55, 6.2543, Berlin, 11, 0.3098, 10.8, 10.84, 10.85, 10.86
2022-10-09, 1.55, 6.2543, Berlin, 11, 0.3098, 10.82, 10.87, 10.88, 10.89
2022-10-08, 1.6316, 6.3359, Berlin, 11, 0.3261, 10.93, 10.98, 10.99, 11
2022-10-07, 1.4684, 5.2754, Berlin, 11, 0.2935, 10.01, 10.05, 10.05, 10.05
2022-10-06, 1.0061, 4.6771, Berlin, 11, 0.2011, 9.16, 9.2, 9.2, 9.2
2022-10-05, -0.6798, 3.2359, Berlin, 11, -0.2551, 8.02, 8.05, 8.05, 8.05
2022-10-04, -0.5167, 2.8824, Berlin, 11, -0.1939, 6.15, 6.17, 6.17, 6.17
2022-10-03, 1.0877, 4.7043, Berlin, 11, 0.2174, 8.62, 8.65, 8.65, 8.65
2022-10-02, 1.0605, 4.7043, Berlin, 11, 0.212, 8.62, 8.65, 8.65, 8.65
2022-10-01, 0.9245, 4.7043, Berlin, 11, 0.1848, 8.54, 8.57, 8.57, 8.57
2022-09-30, 0.7342, 3.807, Berlin, 11, 0.1467, 8.4, 8.43, 8.43, 8.43
2022-09-29, 1.0877, 3.671, Berlin, 11, 0.2174, 8.57, 8.6, 8.6, 8.6
2022-09-28, 1.3324, 3.9157, Berlin, 11, 0.2663, 8.54, 8.57, 8.57, 8.57
2022-09-27, 1.1149, 3.3991, Berlin, 11, 0.2228, 7.45, 7.48, 7.48, 7.48
2022-09-26, 1.9579, 3.6166, Berlin, 11, 0.3913, 6.5, 6.52, 6.52, 6.52
2022-09-25, 1.9579, 3.6438, Berlin, 11, 0.3913, 6.47, 6.5, 6.5, 6.5
2022-09-24, 2.0394, 3.7798, Berlin, 11, 0.4076, 6.58, 6.6, 6.6, 6.6
2022-09-23, 1.5228, 3.0728, Berlin, 11, 0.3043, 6.28, 6.3, 6.3, 6.3
2022-09-22, 1.0605, 2.5833, Berlin, 11, 0.212, 5.66, 5.68, 5.68, 5.68
2022-09-21, 1.3052, 2.5833, Berlin, 11, 0.2609, 5.03, 5.05, 5.05, 5.05
2022-09-20, 0.6254, 2.2842, Berlin, 11, 0.125, 4.65, 4.67, 4.67, 4.67
2022-09-19, -0.2991, 1.6587, Berlin, 11, -0.1122, 3.86, 3.88, 3.88, 3.88
2022-09-18, -0.3263, 1.6859, Berlin, 11, -0.1224, 3.89, 3.9, 3.9, 3.9
2022-09-17, -0.4079, 1.7403, Berlin, 11, -0.1531, 3.83, 3.85, 3.85, 3.85
2022-09-16, -0.6526, 1.55, Berlin, 11, -0.2449, 3.51, 3.52, 3.52, 3.52
2022-09-15, -0.7886, 1.5228, Berlin, 11, -0.2959, 3.45, 3.47, 3.47, 3.47
2022-09-14, -0.5439, 1.2781, Berlin, 11, -0.2041, 3.21, 3.22, 3.22, 3.22
2022-09-13, 0.0272, 1.6587, Berlin, 11, 0.0054, 3.45, 3.47, 3.47, 3.47
2022-09-12, 0.2175, 1.9579, Berlin, 11, 0.0435, 3.51, 3.52, 3.52, 3.52
2022-09-11, 0.2175, 2.0123, Berlin, 11, 0.0435, 3.54, 3.55, 3.55, 3.55
2022-09-10, 0.2719, 2.1482, Berlin, 11, 0.0543, 3.7, 3.71, 3.71, 3.71
2022-09-09, 0.5439, 2.2026, Berlin, 11, 0.1087, 3.83, 3.85, 3.85, 3.85
2022-09-08, 0.7614, 2.3114, Berlin, 11, 0.1522, 3.86, 3.88, 3.88, 3.88
2022-09-07, -0.4351, 1.8219, Berlin, 11, -0.1633, 3.94, 3.96, 3.96, 3.96
2022-09-06, -0.7342, 1.6316, Berlin, 11, -0.2755, 3.75, 3.77, 3.77, 3.77
2022-09-05, -0.6254, 1.7403, Berlin, 11, -0.2347, 3.73, 3.74, 3.74, 3.74
2022-09-04, -0.707, 1.7947, Berlin, 11, -0.2653, 3.7, 3.71, 3.71, 3.71
2022-09-03, -0.8158, 1.8763, Berlin, 11, -0.3061, 3.56, 3.58, 3.58, 3.58
2022-09-02, -1.2509, 1.6587, Berlin, 11, -0.4694, 3.56, 3.58, 3.58, 3.58
2022-09-01, -1.1149, 1.55, Berlin, 11, -0.4184, 3.48, 3.49, 3.49, 3.49
2022-08-31, -0.843, 2.257, Berlin, 11, -0.3163, 4.08, 4.09, 4.09, 4.09
2022-08-30, -0.9517, 2.3658, Berlin, 11, -0.3571, 4.41, 4.42, 4.42, 4.42
2022-08-29, -1.3596, 2.3658, Berlin, 11, -0.5102, 4.73, 4.75, 4.75, 4.75
2022-08-28, -1.4956, 2.5017, Berlin, 11, -0.5612, 4.84, 4.86, 4.86, 4.86
2022-08-27, -1.3596, 2.6921, Berlin, 11, -0.5102, 4.92, 4.94, 4.94, 4.94
2022-08-26, -1.1693, 2.9096, Berlin, 11, -0.4388, 5, 5.02, 5.02, 5.02
2022-08-25, -1.6044, 2.6649, Berlin, 11, -0.602, 5.14, 5.16, 5.16, 5.16
2022-08-24, -1.0061, 3.1, Berlin, 11, -0.3776, 5.33, 5.35, 5.35, 5.35
2022-08-23, -1.1693, 3.3175, Berlin, 11, -0.4388, 6.04, 6.06, 6.06, 6.06
2022-08-22, , 3.7254, Berlin, 11, , 6.69, 6.71, 6.71, 6.71
2022-08-21, 0.2175, 3.9973, Berlin, 11, 0.0435, 6.83, 6.85, 6.85, 6.85
2022-08-20, 0.1632, 4.0517, Berlin, 11, 0.0326, 6.69, 6.71, 6.71, 6.71
2022-08-19, 0.4895, 4.0789, Berlin, 11, 0.0978, 7.21, 7.23, 7.23, 7.23
2022-08-18, 1.0605, 4.2692, Berlin, 11, 0.212, 7.72, 7.75, 7.75, 7.75
2022-08-17, 0.9517, 4.1061, Berlin, 11, 0.1902, 7.94, 7.97, 7.97, 7.97
2022-08-16, 0.7342, 4.4868, Berlin, 11, 0.1467, 7.67, 7.7, 7.7, 7.7
2022-08-15, -0.2447, 3.7254, Berlin, 11, -0.0918, 7.18, 7.21, 7.21, 7.21
2022-08-14, -0.3535, 3.7798, Berlin, 11, -0.1327, 6.93, 6.96, 6.96, 6.96
2022-08-13, -0.3535, 3.8885, Berlin, 11, -0.1327, 7.02, 7.04, 7.04, 7.04
2022-08-12, -0.571, 3.5894, Berlin, 11, -0.2143, 6.88, 6.9, 6.9, 6.9
2022-08-11, -0.4623, 3.2087, Berlin, 11, -0.1735, 6.85, 6.88, 6.88, 6.88
2022-08-10, , 3.1543, Berlin, 11, , 6.69, 6.71, 6.71, 6.71
2022-08-09, 0.4895, 3.7526, Berlin, 11, 0.0978, 7.15, 7.18, 7.18, 7.18
2022-08-08, 0.5439, 3.9701, Berlin, 11, 0.1087, 7.48, 7.51, 7.51, 7.51
2022-08-07, 0.4623, 4.1333, Berlin, 11, 0.0924, 7.59, 7.61, 7.61, 7.61
2022-08-06, 0.4895, 4.242, Berlin, 11, 0.0978, 7.56, 7.59, 7.59, 7.59
2022-08-05, 0.4895, 4.1605, Berlin, 11, 0.0978, 7.59, 7.61, 7.61, 7.61
2022-08-04, -0.5982, 3.671, Berlin, 11, -0.2245, 7.61, 7.64, 7.64, 7.64
2022-08-03, -0.571, 3.1543, Berlin, 11, -0.2143, 7.45, 7.48, 7.48, 7.48
2022-08-02, -0.3535, 3.2631, Berlin, 11, -0.1327, 7.48, 7.51, 7.51, 7.51
2022-08-01, -0.2991, 3.4263, Berlin, 11, -0.1122, 7.53, 7.56, 7.56, 7.56
2022-07-31, -0.2719, 3.671, Berlin, 11, -0.102, 7.67, 7.7, 7.7, 7.7
2022-07-30, -0.3535, 3.7526, Berlin, 11, -0.1327, 7.72, 7.75, 7.75, 7.75
2022-07-29, -0.4351, 3.671, Berlin, 11, -0.1633, 8.13, 8.16, 8.16, 8.16
2022-07-28, 0.4623, 4.2692, Berlin, 11, 0.0924, 8.95, 8.98, 8.98, 8.98
2022-07-27, -0.1088, 3.7254, Berlin, 11, -0.0408, 9.06, 9.09, 9.09, 9.09
2022-07-26, 0.1088, 3.6166, Berlin, 11, 0.0217, 8.4, 8.43, 8.43, 8.43
2022-07-25, 0.5167, 3.7254, Berlin, 11, 0.1033, 8.35, 8.38, 8.38, 8.38
2022-07-24, 0.4895, 3.9429, Berlin, 11, 0.0978, 8.29, 8.32, 8.32, 8.32
2022-07-23, 0.5982, 4.1061, Berlin, 11, 0.1196, 8.32, 8.35, 8.35, 8.35
2022-07-22, 0.7614, 4.1061, Berlin, 11, 0.1522, 8.05, 8.08, 8.08, 8.08
2022-07-21, 0.7886, 3.807, Berlin, 11, 0.1576, 7.37, 7.4, 7.4, 7.4
2022-07-20, 0.9789, 3.8342, Berlin, 11, 0.1957, 7.45, 7.48, 7.48, 7.48
2022-07-19, 0.843, 3.5078, Berlin, 11, 0.1685, 7.26, 7.29, 7.29, 7.29
2022-07-18, 0.5982, 3.2087, Berlin, 11, 0.1196, 6.63, 6.66, 6.66, 6.66
2022-07-17, 0.7614, 3.4535, Berlin, 11, 0.1522, 6.66, 6.69, 6.69, 6.69
2022-07-16, 0.7886, 3.5078, Berlin, 11, 0.1576, 6.55, 6.58, 6.58, 6.58
2022-07-15, 0.9789, 3.3447, Berlin, 11, 0.1957, 6.2, 6.22, 6.22, 6.22
2022-07-14, 1.0333, 3.0184, Berlin, 11, 0.2065, 5.6, 5.62, 5.62, 5.62
2022-07-13, 0.9789, 2.8552, Berlin, 11, 0.1957, 5.03, 5.05, 5.05, 5.05
2022-07-12, 0.707, 2.6649, Berlin, 11, 0.1413, 4.65, 4.67, 4.67, 4.67
2022-07-11, 0.8158, 2.6105, Berlin, 11, 0.163, 4.84, 4.86, 4.86, 4.86
2022-07-10, 0.8974, 2.6921, Berlin, 11, 0.1793, 4.65, 4.67, 4.67, 4.67
2022-07-09, 0.9245, 2.7193, Berlin, 11, 0.1848, 4.6, 4.61, 4.61, 4.61
2022-07-08, 0.7614, 2.3658, Berlin, 11, 0.1522, 4.32, 4.34, 4.34, 4.34
2022-07-07, 0.4623, 1.9851, Berlin, 11, 0.0924, 4.16, 4.18, 4.18, 4.18
2022-07-06, 0.4351, 1.8763, Berlin, 11, 0.087, 4.02, 4.04, 4.04, 4.04
2022-07-05, 0.4351, 1.9579, Berlin, 11, 0.087, 4.49, 4.5, 4.5, 4.5
2022-07-04, , 1.7947, Berlin, 11, , 3.89, 3.9, 3.9, 3.9
2022-07-03, -0.0544, 1.7947, Berlin, 11, -0.0204, 3.86, 3.88, 3.88, 3.88
2022-07-02, -0.136, 1.7947, Berlin, 11, -0.051, 3.86, 3.88, 3.88, 3.88
2022-07-01, -0.3263, 1.6044, Berlin, 11, -0.1224, 3.78, 3.79, 3.79, 3.79
2022-06-30, -0.3535, 1.5228, Berlin, 11, -0.1327, 3.81, 3.82, 3.82, 3.82
2022-06-29, -0.4351, 1.4412, Berlin, 11, -0.1633, 3.78, 3.79, 3.79, 3.79
2022-06-28, -0.4079, 1.5228, Berlin, 11, -0.1531, 3.37, 3.38, 3.38, 3.38
2022-06-27, -0.1632, 1.7947, Berlin, 11, -0.0612, 3.34, 3.36, 3.36, 3.36
2022-06-26, -0.1632, 1.8491, Berlin, 11, -0.0612, 3.34, 3.36, 3.36, 3.36
2022-06-25, -0.1088, 1.9307, Berlin, 11, -0.0408, 3.4, 3.41, 3.41, 3.41
2022-06-24, 0.1903, 1.9307, Berlin, 11, 0.038, 3.54, 3.55, 3.55, 3.55
2022-06-23, 0.2719, 1.8763, Berlin, 11, 0.0543, 3.56, 3.58, 3.58, 3.58
2022-06-22, 0.136, 1.8763, Berlin, 11, 0.0272, 3.59, 3.6, 3.6, 3.6
2022-06-21, -0.2447, 1.9307, Berlin, 11, -0.0918, 3.62, 3.63, 3.63, 3.63
2022-06-20, 0.1632, 1.9579, Berlin, 11, 0.0326, 3.75, 3.77, 3.77, 3.77
2022-06-19, 0.1632, 2.0123, Berlin, 11, 0.0326, 3.75, 3.77, 3.77, 3.77
2022-06-18, 0.1632, 2.0394, Berlin, 11, 0.0326, 3.7, 3.71, 3.71, 3.71
2022-06-17, 0.1088, 1.7403, Berlin, 11, 0.0217, 3.4, 3.41, 3.41, 3.41
2022-06-16, 0.3535, 1.6044, Berlin, 11, 0.0707, 3.32, 3.33, 3.33, 3.33
2022-06-15, 0.5167, 1.7403, Berlin, 11, 0.1033, 3.4, 3.41, 3.41, 3.41
2022-06-14, 1.0877, 2.1754, Berlin, 11, 0.2174, 3.92, 3.93, 3.93, 3.93
2022-06-13, 0.1903, 1.7947, Berlin, 11, 0.038, 3.21, 3.22, 3.22, 3.22
2022-06-12, 0.2447, 1.8491, Berlin, 11, 0.0489, 3.26, 3.28, 3.28, 3.28
2022-06-11, 0.2447, 1.8763, Berlin, 11, 0.0489, 3.26, 3.28, 3.28, 3.28
2022-06-10, 0.0544, 1.6316, Berlin, 11, 0.0109, 3.05, 3.06, 3.06, 3.06
2022-06-09, -0.1632, 1.2509, Berlin, 11, -0.0612, 2.8, 2.81, 2.81, 2.81
2022-06-08, 0.2719, 1.2237, Berlin, 11, 0.0543, 2.47, 2.48, 2.48, 2.48
2022-06-07, 0.2719, 1.0877, Berlin, 11, 0.0543, 1.6, 1.61, 1.61, 1.61
2022-06-06, 0.7886, 1.6044, Berlin, 11, 0.1576, 2.12, 2.13, 2.13, 2.13
2022-06-05, 0.7342, 1.6044, Berlin, 11, 0.1467, 2.01, 2.02, 2.02, 2.02
2022-06-04, 0.707, 1.6316, Berlin, 11, 0.1413, 2.01, 2.02, 2.02, 2.02
2022-06-03, 0.5439, 1.5772, Berlin, 11, 0.1087, 2.18, 2.18, 2.18, 2.18
2022-06-02, 0.1903, 1.414, Berlin, 11, 0.038, 2.01, 2.02, 2.02, 2.02
2022-06-01, -0.4895, 0.9517, Berlin, 11, -0.1837, 1.82, 1.83, 1.83, 1.83
2022-05-31, -0.7886, 0.8158, Berlin, 11, -0.2959, 1.93, 1.94, 1.94, 1.94
2022-05-30, -0.7886, 0.8158, Berlin, 11, -0.2959, 1.93, 1.94, 1.94, 1.94
2022-05-29, -0.707, 0.8702, Berlin, 11, -0.2653, 1.99, 1.99, 1.99, 1.99
2022-05-28, -0.7614, 0.9245, Berlin, 11, -0.2857, 2.04, 2.05, 2.05, 2.05
2022-05-27, -0.7886, 1.0333, Berlin, 11, -0.2959, 2.09, 2.1, 2.1, 2.1
2022-05-26, -0.6526, 1.2237, Berlin, 11, -0.2449, 2.26, 2.27, 2.27, 2.27
2022-05-25, -0.2991, 1.4412, Berlin, 11, -0.1122, 2.45, 2.46, 2.46, 2.46
2022-05-24, -0.0544, 1.6044, Berlin, 11, -0.0204, 2.47, 2.48, 2.48, 2.48
2022-05-23, -0.3535, 1.6044, Berlin, 11, -0.1327, 2.56, 2.57, 2.57, 2.57
2022-05-22, -0.3807, 1.5772, Berlin, 11, -0.1429, 2.53, 2.54, 2.54, 2.54
2022-05-21, -0.136, 1.6859, Berlin, 11, -0.051, 2.56, 2.57, 2.57, 2.57
2022-05-20, 0.3263, 1.8219, Berlin, 11, 0.0652, 2.75, 2.76, 2.76, 2.76
2022-05-19, 0.2719, 1.8763, Berlin, 11, 0.0543, 2.83, 2.84, 2.84, 2.84
2022-05-18, 0.4895, 1.7403, Berlin, 11, 0.0978, 2.94, 2.95, 2.95, 2.95
2022-05-17, 0.2175, 1.6587, Berlin, 11, 0.0435, 2.94, 2.95, 2.95, 2.95
2022-05-16, 0.1632, 1.9579, Berlin, 11, 0.0326, 3.21, 3.22, 3.22, 3.22
2022-05-15, -0.0544, 1.9579, Berlin, 11, -0.0204, 3.21, 3.22, 3.22, 3.22
2022-05-14, -0.2447, 1.8219, Berlin, 11, -0.0918, 3.1, 3.11, 3.11, 3.11
2022-05-13, -1.0061, 1.4956, Berlin, 11, -0.3776, 2.83, 2.84, 2.84, 2.84
2022-05-12, -0.707, 1.6044, Berlin, 11, -0.2653, 3.07, 3.08, 3.08, 3.08
2022-05-11, -1.0877, 1.2509, Berlin, 11, -0.4082, 2.96, 2.97, 2.97, 2.97
2022-05-10, -0.5439, 1.4412, Berlin, 11, -0.2041, 3.24, 3.25, 3.25, 3.25
2022-05-09, 0.2175, 1.7947, Berlin, 11, 0.0435, 3.34, 3.36, 3.36, 3.36
2022-05-08, 0.4079, 2.0123, Berlin, 11, 0.0815, 3.59, 3.6, 3.6, 3.6
2022-05-07, 0.3807, 2.0666, Berlin, 11, 0.0761, 3.64, 3.66, 3.66, 3.66
2022-05-06, 0.843, 2.5017, Berlin, 11, 0.1685, 4.02, 4.04, 4.04, 4.04
2022-05-05, 0.6526, 2.3114, Berlin, 11, 0.1304, 3.92, 3.93, 3.93, 3.93
2022-05-04, 0.6798, 2.3386, Berlin, 11, 0.1359, 4.05, 4.07, 4.07, 4.07
2022-05-03, -0.136, 1.9851, Berlin, 11, -0.051, 3.89, 3.9, 3.9, 3.9
2022-05-02, -0.0816, 1.5772, Berlin, 11, -0.0306, 3.4, 3.41, 3.41, 3.41
2022-05-01, -0.1088, 1.6044, Berlin, 11, -0.0408, 3.24, 3.25, 3.25, 3.25
2022-04-30, -0.0816, 1.6859, Berlin, 11, -0.0306, 3.26, 3.28, 3.28, 3.28
2022-04-29, 0.136, 1.6587, Berlin, 11, 0.0272, 3.24, 3.25, 3.25, 3.25
2022-04-28, 0.0816, 1.6587, Berlin, 11, 0.0163, 3.26, 3.28, 3.28, 3.28
2022-04-27, 0.4623, 1.6587, Berlin, 11, 0.0924, 3.13, 3.14, 3.14, 3.14
2022-04-26, 0.571, 2.121, Berlin, 11, 0.1141, 3.89, 3.9, 3.9, 3.9
2022-04-25, -0.3807, 1.6587, Berlin, 11, -0.1429, 3.45, 3.47, 3.47, 3.47
2022-04-24, -0.3807, 1.7131, Berlin, 11, -0.1429, 3.54, 3.55, 3.55, 3.55
2022-04-23, -0.3263, 1.7675, Berlin, 11, -0.1224, 3.54, 3.55, 3.55, 3.55
2022-04-22, -1.2509, 1.5228, Berlin, 11, -0.4694, 3.13, 3.14, 3.14, 3.14
2022-04-21, -1.3052, 1.5772, Berlin, 11, -0.4898, 3.24, 3.25, 3.25, 3.25
2022-04-20, -1.7403, 1.1965, Berlin, 11, -0.6531, 3.37, 3.38, 3.38, 3.38
2022-04-19, -0.9245, 1.55, Berlin, 11, -0.3469, 3.1, 3.11, 3.11, 3.11
2022-04-18, -0.4079, 2.0394, Berlin, 11, -0.1531, 4, 4.01, 4.01, 4.01
2022-04-17, -0.3263, 2.0938, Berlin, 11, -0.1224, 4.02, 4.04, 4.04, 4.04
2022-04-16, -0.4351, 2.0938, Berlin, 11, -0.1633, 3.94, 3.96, 3.96, 3.96
2022-04-15, 0.5167, 2.7736, Berlin, 11, 0.1033, 4.79, 4.8, 4.8, 4.8
2022-04-14, 0.7342, 2.8824, Berlin, 11, 0.1467, 5.25, 5.27, 5.27, 5.27
2022-04-13, 0.7886, 2.9368, Berlin, 11, 0.1576, 5.38, 5.4, 5.4, 5.4
2022-04-12, 0.1632, 2.4745, Berlin, 11, 0.0326, 5.3, 5.32, 5.32, 5.32
2022-04-11, -0.1632, 2.4473, Berlin, 11, -0.0612, 5.3, 5.32, 5.32, 5.32
2022-04-10, -0.2175, 2.4201, Berlin, 11, -0.0816, 5.17, 5.19, 5.19, 5.19
2022-04-09, -0.0816, 2.5289, Berlin, 11, -0.0306, 5.28, 5.29, 5.29, 5.29
2022-04-08, -0.3263, 2.257, Berlin, 11, -0.1224, 4.76, 4.78, 4.78, 4.78
2022-04-07, -0.5167, 2.1482, Berlin, 11, -0.1939, 4.68, 4.69, 4.69, 4.69
2022-04-06, -0.707, 2.1482, Berlin, 11, -0.2653, 4.62, 4.64, 4.64, 4.64
2022-04-05, -0.8974, 2.3114, Berlin, 11, -0.3367, 4.41, 4.42, 4.42, 4.42
2022-04-04, -0.1088, 2.6105, Berlin, 11, -0.0408, 4.76, 4.78, 4.78, 4.78
2022-04-03, -0.0544, 2.6377, Berlin, 11, -0.0204, 4.84, 4.86, 4.86, 4.86
2022-04-02, -0.1903, 2.6105, Berlin, 11, -0.0714, 4.87, 4.89, 4.89, 4.89
2022-04-01, -0.4079, 2.5833, Berlin, 11, -0.1531, 5.22, 5.24, 5.24, 5.24
2022-03-31, -0.3535, 2.6649, Berlin, 11, -0.1327, 5.14, 5.16, 5.16, 5.16
2022-03-30, -0.2719, 2.8552, Berlin, 11, -0.102, 5.6, 5.62, 5.62, 5.62
2022-03-29, -0.0272, 3.2087, Berlin, 11, -0.0102, 6.5, 6.52, 6.52, 6.52
2022-03-28, -0.6526, 2.7193, Berlin, 11, -0.2449, 6.12, 6.14, 6.14, 6.14
2022-03-27, -0.7342, 2.6921, Berlin, 11, -0.2755, 5.98, 6, 6, 6
2022-03-26, -0.8974, 2.8008, Berlin, 11, -0.3367, 6.12, 6.14, 6.14, 6.14
2022-03-25, -0.2447, 2.9912, Berlin, 11, -0.0918, 6.34, 6.36, 6.36, 6.36
2022-03-24, -0.5439, 3.0184, Berlin, 11, -0.2041, 6.5, 6.52, 6.52, 6.52
2022-03-23, -1.0061, 3.1271, Berlin, 11, -0.3776, 6.61, 6.63, 6.63, 6.63
2022-03-22, -0.1903, 3.2359, Berlin, 11, -0.0714, 6.23, 6.25, 6.25, 6.25
2022-03-21, 0.0816, 3.3719, Berlin, 11, 0.0163, 6.47, 6.5, 6.5, 6.5
2022-03-20, 0.0544, 3.4263, Berlin, 11, 0.0109, 6.53, 6.55, 6.55, 6.55
2022-03-19, 0.4351, 3.6982, Berlin, 11, 0.087, 6.63, 6.66, 6.66, 6.66
2022-03-18, 0.0544, 3.2359, Berlin, 11, 0.0109, 6.66, 6.69, 6.69, 6.69
2022-03-17, 0.8158, 3.5622, Berlin, 11, 0.163, 7.02, 7.04, 7.04, 7.04
2022-03-16, 1.6859, 4.1333, Berlin, 11, 0.337, 7.8, 7.83, 7.83, 7.83
2022-03-15, 0.5982, 3.4263, Berlin, 11, 0.1196, 6.58, 6.6, 6.6, 6.6
2022-03-14, 0.2719, 3.2903, Berlin, 11, 0.0543, 6.28, 6.3, 6.3, 6.3
2022-03-13, 0.3263, 3.3719, Berlin, 11, 0.0652, 6.34, 6.36, 6.36, 6.36
2022-03-12, 0.136, 3.2631, Berlin, 11, 0.0272, 6.2, 6.22, 6.22, 6.22
2022-03-11, 0.1903, 3.1815, Berlin, 11, 0.038, 5.82, 5.84, 5.84, 5.84
2022-03-10, -0.4079, 2.7465, Berlin, 11, -0.1531, 5.28, 5.29, 5.29, 5.29
2022-03-09, -0.707, 2.4473, Berlin, 11, -0.2653, 4.41, 4.42, 4.42, 4.42
2022-03-08, -0.7614, 2.828, Berlin, 11, -0.2857, 5.3, 5.32, 5.32, 5.32
2022-03-07, -0.7614, 3.0184, Berlin, 11, -0.2857, 5.55, 5.57, 5.57, 5.57
2022-03-06, -0.7614, 3.0456, Berlin, 11, -0.2857, 5.47, 5.49, 5.49, 5.49
2022-03-05, -0.6798, 3.1271, Berlin, 11, -0.2551, 5.41, 5.43, 5.43, 5.43
2022-03-04, -0.2447, 2.9912, Berlin, 11, -0.0918, 5.71, 5.73, 5.73, 5.73
2022-03-03, 0.4351, 3.1543, Berlin, 11, 0.087, 6.15, 6.17, 6.17, 6.17
2022-03-02, 0.707, 3.1543, Berlin, 11, 0.1413, 6.01, 6.03, 6.03, 6.03
2022-03-01, 1.4956, 3.5894, Berlin, 11, 0.2989, 6.72, 6.74, 6.74, 6.74
2022-02-28, 1.414, 3.7798, Berlin, 11, 0.2826, 6.55, 6.58, 6.58, 6.58
2022-02-27, 1.3324, 3.807, Berlin, 11, 0.2663, 6.55, 6.58, 6.58, 6.58
2022-02-26, 1.3868, 3.807, Berlin, 11, 0.2772, 6.42, 6.44, 6.44, 6.44
2022-02-25, 0.5439, 3.2359, Berlin, 11, 0.1087, 6.53, 6.55, 6.55, 6.55
2022-02-24, -0.4623, 2.7193, Berlin, 11, -0.1735, 5.87, 5.9, 5.9, 5.9
2022-02-23, -1.3324, 2.4473, Berlin, 11, -0.5, 5.82, 5.84, 5.84, 5.84
2022-02-22, -2.0666, 2.0938, Berlin, 11, -0.7755, 5.57, 5.59, 5.59, 5.59
2022-02-21, -2.0123, 2.3658, Berlin, 11, -0.7551, 5.98, 6, 6, 6
2022-02-20, -1.9307, 2.4745, Berlin, 11, -0.7245, 6.06, 6.09, 6.09, 6.09
2022-02-19, -2.0394, 2.4201, Berlin, 11, -0.7653, 6.09, 6.11, 6.11, 6.11
2022-02-18, -1.414, 2.6921, Berlin, 11, -0.5306, 6.23, 6.25, 6.25, 6.25
2022-02-17, -1.7947, 3.1815, Berlin, 11, -0.6735, 6.53, 6.55, 6.55, 6.55
2022-02-16, -0.7614, 3.7798, Berlin, 11, -0.2857, 7.34, 7.37, 7.37, 7.37
2022-02-15, 0.1088, 4.1605, Berlin, 11, 0.0217, 7.94, 7.97, 7.97, 7.97
2022-02-14, 0.843, 4.378, Berlin, 11, 0.1685, 8.43, 8.46, 8.46, 8.46
2022-02-13, 0.8158, 4.4052, Berlin, 11, 0.163, 8.4, 8.43, 8.43, 8.43
2022-02-12, 0.8158, 4.4596, Berlin, 11, 0.163, 8.46, 8.49, 8.49, 8.49
2022-02-11, 1.7131, 4.1061, Berlin, 11, 0.3424, 8.1, 8.13, 8.13, 8.13
2022-02-10, 2.3386, 4.9762, Berlin, 11, 0.4674, 9.6, 9.63, 9.63, 9.63
2022-02-09, 1.6859, 4.5412, Berlin, 11, 0.337, 9.03, 9.06, 9.06, 9.06
2022-02-08, 0.7886, 4.0517, Berlin, 11, 0.1576, 8.21, 8.24, 8.24, 8.24
2022-02-07, -0.1903, 3.535, Berlin, 11, -0.0714, 7.21, 7.23, 7.23, 7.23
2022-02-06, -0.1088, 3.5894, Berlin, 11, -0.0408, 7.21, 7.23, 7.23, 7.23
2022-02-05, -0.2447, 3.6438, Berlin, 11, -0.0918, 7.18, 7.21, 7.21, 7.21
2022-02-04, -1.5772, 2.3929, Berlin, 11, -0.5918, 6.88, 6.9, 6.9, 6.9
2022-02-03, -1.2237, 2.6377, Berlin, 11, -0.4592, 5.79, 5.81, 5.81, 5.81
2022-02-02, -0.7886, 2.8552, Berlin, 11, -0.2959, 5.76, 5.79, 5.79, 5.79
2022-02-01, 0.3807, 3.2631, Berlin, 11, 0.0761, 5.98, 6, 6, 6
2022-01-31, 0.8702, 3.7254, Berlin, 11, 0.1739, 6.77, 6.8, 6.8, 6.8
2022-01-30, 0.7614, 3.6982, Berlin, 11, 0.1522, 6.77, 6.8, 6.8, 6.8
2022-01-29, 0.7614, 3.8885, Berlin, 11, 0.1522, 7.04, 7.07, 7.07, 7.07
2022-01-28, 1.0333, 3.9701, Berlin, 11, 0.2065, 7.45, 7.48, 7.48, 7.48
2022-01-27, 0.8158, 3.8613, Berlin, 11, 0.163, 7.02, 7.04, 7.04, 7.04
2022-01-26, -0.2719, 3.6438, Berlin, 11, -0.102, 7.1, 7.12, 7.12, 7.12
2022-01-25, -1.5228, 2.8824, Berlin, 11, -0.5714, 6.55, 6.58, 6.58, 6.58
2022-01-24, -1.6316, 2.8552, Berlin, 11, -0.6122, 6.31, 6.33, 6.33, 6.33
2022-01-23, -1.4684, 2.9368, Berlin, 11, -0.551, 6.36, 6.39, 6.39, 6.39
2022-01-22, -1.55, 3.1271, Berlin, 11, -0.5816, 6.34, 6.36, 6.36, 6.36
2022-01-21, -1.2237, 2.9368, Berlin, 11, -0.4592, 6.12, 6.14, 6.14, 6.14
2022-01-20, -0.5167, 3.0456, Berlin, 11, -0.1939, 6.25, 6.28, 6.28, 6.28
2022-01-19, 0.9517, 3.9157, Berlin, 11, 0.1902, 6.55, 6.58, 6.58, 6.58
2022-01-18, 1.1693, 4.4052, Berlin, 11, 0.2337, 7.21, 7.23, 7.23, 7.23
2022-01-17, 0.6798, 4.4868, Berlin, 11, 0.1359, 7.42, 7.45, 7.45, 7.45
2022-01-16, 0.4623, 4.4052, Berlin, 11, 0.0924, 7.26, 7.29, 7.29, 7.29
2022-01-15, 0.6798, 4.6771, Berlin, 11, 0.1359, 7.56, 7.59, 7.59, 7.59
2022-01-14, 0.7886, 4.1605, Berlin, 11, 0.1576, 7.97, 8, 8, 8
2022-01-13, 0.2175, 3.5622, Berlin, 11, 0.0435, 8.05, 8.08, 8.08, 8.08
2022-01-12, 0.136, 2.964, Berlin, 11, 0.0272, 7.67, 7.7, 7.7, 7.7
2022-01-11, 0.571, 3.2359, Berlin, 11, 0.1141, 7.7, 7.72, 7.72, 7.72
2022-01-10, 1.1421, 3.807, Berlin, 11, 0.2283, 7.45, 7.48, 7.48, 7.48
2022-01-09, 1.0877, 3.9429, Berlin, 11, 0.2174, 7.72, 7.75, 7.75, 7.75
2022-01-08, 1.1149, 3.9973, Berlin, 11, 0.2228, 7.23, 7.26, 7.26, 7.26
2022-01-07, 0.3535, 3.3719, Berlin, 11, 0.0707, 6.42, 6.44, 6.44, 6.44
2022-01-06, 0.8158, 3.3447, Berlin, 11, 0.163, 6.01, 6.03, 6.03, 6.03
2022-01-05, 0.2991, 2.828, Berlin, 11, 0.0598, 5.76, 5.79, 5.79, 5.79
2022-01-04, 0.136, 2.6649, Berlin, 11, 0.0272, 5.33, 5.35, 5.35, 5.35
2022-01-03, 0.0272, 2.6649, Berlin, 11, 0.0054, 5.03, 5.05, 5.05, 5.05
2022-01-02, 0.3535, 2.8552, Berlin, 11, 0.0707, 5.06, 5.08, 5.08, 5.08
2022-01-01, 0.3535, 2.8824, Berlin, 11, 0.0707, 5.09, 5.1, 5.1, 5.1
2021-12-31, -0.136, 3.0184, Berlin, 11, -0.051, 4.81, 4.83, 4.83, 4.83
2021-12-30, -1.0333, 2.5289, Berlin, 11, -0.3878, 4.68, 4.69, 4.69, 4.69
2021-12-29, -0.9789, 2.5289, Berlin, 11, -0.3673, 4.95, 4.97, 4.97, 4.97
2021-12-28, -1.5772, 2.5289, Berlin, 11, -0.5918, 4.92, 4.94, 4.94, 4.94
2021-12-27, -2.2842, 2.6377, Berlin, 11, -0.8571, 4.89, 4.91, 4.91, 4.91
2021-12-26, -2.6649, 2.5017, Berlin, 11, -1, 4.65, 4.67, 4.67, 4.67
2021-12-25, -2.3658, 2.5289, Berlin, 11, -0.8878, 4.57, 4.59, 4.59, 4.59
2021-12-24, -1.6316, 3.1543, Berlin, 11, -0.6122, 5.11, 5.13, 5.13, 5.13
2021-12-23, -1.2237, 3.5622, Berlin, 11, -0.4592, 5.71, 5.73, 5.73, 5.73
2021-12-22, -1.2781, 3.5078, Berlin, 11, -0.4796, 5.85, 5.87, 5.87, 5.87
2021-12-21, 0.0544, 4.1061, Berlin, 11, 0.0109, 6.25, 6.28, 6.28, 6.28
2021-12-20, 0.8702, 4.9219, Berlin, 11, 0.1739, 6.96, 6.99, 6.99, 6.99
2021-12-19, 0.9245, 5.1666, Berlin, 11, 0.1848, 7.21, 7.23, 7.23, 7.23
2021-12-18, 0.6254, 4.8947, Berlin, 11, 0.125, 7.21, 7.23, 7.23, 7.23
2021-12-17, 0.3263, 4.7859, Berlin, 11, 0.0652, 7.4, 7.42, 7.42, 7.42
2021-12-16, 0.9517, 4.7859, Berlin, 11, 0.1902, 7.67, 7.7, 7.7, 7.7
2021-12-15, 1.1149, 4.7859, Berlin, 11, 0.2228, 8.35, 8.38, 8.38, 8.38
2021-12-14, 0.4351, 4.0517, Berlin, 11, 0.087, 8.18, 8.21, 8.21, 8.21
2021-12-13, -0.2175, 4.0517, Berlin, 11, -0.0816, 7.91, 7.94, 7.94, 7.94
2021-12-12, -0.2175, 4.242, Berlin, 11, -0.0816, 7.89, 7.91, 7.91, 7.91
2021-12-11, -0.2447, 4.2692, Berlin, 11, -0.0918, 7.99, 8.02, 8.02, 8.02
2021-12-10, 0.1632, 4.4596, Berlin, 11, 0.0326, 8.24, 8.27, 8.27, 8.27
2021-12-09, -0.1632, 3.8342, Berlin, 11, -0.0612, 7.53, 7.56, 7.56, 7.56
2021-12-08, -0.2175, 3.671, Berlin, 11, -0.0816, 6.61, 6.63, 6.63, 6.63
2021-12-07, -0.0544, 3.6166, Berlin, 11, -0.0204, 6.47, 6.5, 6.5, 6.5
2021-12-06, 0.9789, 4.2692, Berlin, 11, 0.1957, 7.23, 7.26, 7.26, 7.26
2021-12-05, 0.9517, 4.4596, Berlin, 11, 0.1902, 7.37, 7.4, 7.4, 7.4
2021-12-04, 1.0333, 4.514, Berlin, 11, 0.2065, 7.4, 7.42, 7.42, 7.42
2021-12-03, 0.6798, 4.2964, Berlin, 11, 0.1359, 7.45, 7.48, 7.48, 7.48
2021-12-02, 1.0333, 3.9973, Berlin, 11, 0.2065, 7.72, 7.75, 7.75, 7.75
2021-12-01, 0.6526, 3.8885, Berlin, 11, 0.1304, 7.94, 7.97, 7.97, 7.97
2021-11-30, 0.4895, 3.671, Berlin, 11, 0.0978, 8.24, 8.27, 8.27, 8.27
2021-11-29, 0.0816, 3.2903, Berlin, 11, 0.0163, 7.51, 7.53, 7.53, 7.53
2021-11-28, 0.0816, 3.5078, Berlin, 11, 0.0163, 7.37, 7.4, 7.4, 7.4
2021-11-27, , 3.4807, Berlin, 11, , 7.26, 7.29, 7.29, 7.29
2021-11-26, 0.0816, 3.6166, Berlin, 11, 0.0163, 7.1, 7.12, 7.12, 7.12
2021-11-25, -0.0272, 2.964, Berlin, 11, -0.0102, 7.1, 7.12, 7.12, 7.12
2021-11-24, 0.2175, 3.2359, Berlin, 11, 0.0435, 7.12, 7.15, 7.15, 7.15
2021-11-23, 0.3535, 3.1815, Berlin, 11, 0.0707, 7.4, 7.42, 7.42, 7.42
2021-11-22, 0.0544, 3.2087, Berlin, 11, 0.0109, 7.15, 7.18, 7.18, 7.18
2021-11-21, 0.1903, 3.4263, Berlin, 11, 0.038, 7.15, 7.18, 7.18, 7.18
2021-11-20, 0.3263, 3.4807, Berlin, 11, 0.0652, 7.21, 7.23, 7.23, 7.23
2021-11-19, 0.4351, 3.535, Berlin, 11, 0.087, 7.4, 7.42, 7.42, 7.42
2021-11-18, -0.0544, 2.9912, Berlin, 11, -0.0204, 7.51, 7.53, 7.53, 7.53
2021-11-17, -0.2175, 3.0184, Berlin, 11, -0.0816, 7.34, 7.37, 7.37, 7.37
2021-11-16, 0.1903, 2.828, Berlin, 11, 0.038, 6.8, 6.82, 6.82, 6.82
2021-11-15, -0.0272, 3.1543, Berlin, 11, -0.0102, 7.15, 7.18, 7.18, 7.18
2021-11-14, -0.0272, 3.2359, Berlin, 11, -0.0102, 6.96, 6.99, 6.99, 6.99
2021-11-13, -0.1632, 3.1543, Berlin, 11, -0.0612, 6.83, 6.85, 6.85, 6.85
2021-11-12, -0.1088, 3.1, Berlin, 11, -0.0408, 6.69, 6.71, 6.71, 6.71
2021-11-11, 0.4623, 3.0456, Berlin, 11, 0.0924, 6.53, 6.55, 6.55, 6.55
2021-11-10, -0.0816, 3.2359, Berlin, 11, -0.0306, 6.42, 6.44, 6.44, 6.44
2021-11-09, -0.4079, 2.6377, Berlin, 11, -0.1531, 6.28, 6.3, 6.3, 6.3
2021-11-08, -0.1088, 3.1815, Berlin, 11, -0.0408, 6.28, 6.3, 6.3, 6.3
2021-11-07, -0.0544, 3.2631, Berlin, 11, -0.0204, 6.36, 6.39, 6.39, 6.39
2021-11-06, -0.0816, 3.3175, Berlin, 11, -0.0306, 6.44, 6.47, 6.47, 6.47
2021-11-05, -0.2447, 3.2087, Berlin, 11, -0.0918, 6.72, 6.74, 6.74, 6.74
2021-11-04, -0.7614, 2.5833, Berlin, 11, -0.2857, 6.53, 6.55, 6.55, 6.55
2021-11-03, 0.7614, 3.3175, Berlin, 11, 0.1522, 7.15, 7.18, 7.18, 7.18
2021-11-02, 0.3535, 3.0456, Berlin, 11, 0.0707, 6.99, 7.01, 7.01, 7.01
2021-11-01, 0.136, 3.2903, Berlin, 11, 0.0272, 6.74, 6.77, 6.77, 6.77
2021-10-31, 0.1632, 3.3175, Berlin, 11, 0.0326, 6.61, 6.63, 6.63, 6.63
2021-10-30, 0.3263, 3.3991, Berlin, 11, 0.0652, 6.66, 6.69, 6.69, 6.69
2021-10-29, 0.5439, 3.4535, Berlin, 11, 0.1087, 6.2, 6.22, 6.22, 6.22
2021-10-28, 0.571, 3.3447, Berlin, 11, 0.1141, 6.04, 6.06, 6.06, 6.06
2021-10-27, -0.0816, 2.5561, Berlin, 11, -0.0306, 5.36, 5.38, 5.38, 5.38
2021-10-26, 0.3535, 2.6921, Berlin, 11, 0.0707, 5.76, 5.79, 5.79, 5.79
2021-10-25, 0.8974, 3.1543, Berlin, 11, 0.1793, 5.76, 5.79, 5.79, 5.79
2021-10-24, 0.9245, 3.1543, Berlin, 11, 0.1848, 5.74, 5.76, 5.76, 5.76
2021-10-23, 0.9245, 3.0728, Berlin, 11, 0.1848, 5.66, 5.68, 5.68, 5.68
2021-10-22, 0.7342, 2.9096, Berlin, 11, 0.1467, 5.38, 5.4, 5.4, 5.4
2021-10-21, 0.6798, 2.7736, Berlin, 11, 0.1359, 5.28, 5.29, 5.29, 5.29
2021-10-20, 0.7342, 2.6377, Berlin, 11, 0.1467, 4.81, 4.83, 4.83, 4.83
2021-10-19, 0.8158, 2.3386, Berlin, 11, 0.163, 4.24, 4.26, 4.26, 4.26
2021-10-18, 0.571, 2.257, Berlin, 11, 0.1141, 3.73, 3.74, 3.74, 3.74
2021-10-17, 0.5439, 2.2298, Berlin, 11, 0.1087, 3.73, 3.74, 3.74, 3.74
2021-10-16, 0.4895, 2.1482, Berlin, 11, 0.0978, 3.75, 3.77, 3.77, 3.77
2021-10-15, 0.8702, 2.1754, Berlin, 11, 0.1739, 3.75, 3.77, 3.77, 3.77
2021-10-14, 1.0605, 2.0938, Berlin, 11, 0.212, 3.94, 3.96, 3.96, 3.96
2021-10-13, 0.7342, 1.9035, Berlin, 11, 0.1467, 4, 4.01, 4.01, 4.01
2021-10-12, 0.4623, 1.5228, Berlin, 11, 0.0924, 3.62, 3.63, 3.63, 3.63
2021-10-11, 0.6526, 1.6859, Berlin, 11, 0.1304, 3.45, 3.47, 3.47, 3.47
2021-10-10, 0.571, 1.6859, Berlin, 11, 0.1141, 3.48, 3.49, 3.49, 3.49
2021-10-09, 0.5167, 1.6587, Berlin, 11, 0.1033, 3.37, 3.38, 3.38, 3.38
2021-10-08, 0.3263, 1.3052, Berlin, 11, 0.0652, 3.18, 3.19, 3.19, 3.19
2021-10-07, -0.0272, 1.0333, Berlin, 11, -0.0102, 2.83, 2.84, 2.84, 2.84
2021-10-06, 0.1632, 1.1693, Berlin, 11, 0.0326, 2.66, 2.67, 2.67, 2.67
2021-10-05, -0.0544, 1.0605, Berlin, 11, -0.0204, 2.72, 2.73, 2.73, 2.73
2021-10-04, -0.1632, 1.0333, Berlin, 11, -0.0612, 2.66, 2.67, 2.67, 2.67
2021-10-03, -0.1088, 1.1149, Berlin, 11, -0.0408, 2.72, 2.73, 2.73, 2.73
2021-10-02, -0.0816, 1.1421, Berlin, 11, -0.0306, 2.77, 2.78, 2.78, 2.78
2021-10-01, -0.2447, 0.9789, Berlin, 11, -0.0918, 2.86, 2.87, 2.87, 2.87
2021-09-30, -0.136, 1.0605, Berlin, 11, -0.051, 2.91, 2.92, 2.92, 2.92
2021-09-29, -0.3535, 1.0061, Berlin, 11, -0.1327, 2.94, 2.95, 2.95, 2.95
2021-09-28, -0.136, 1.1149, Berlin, 11, -0.051, 3.07, 3.08, 3.08, 3.08
2021-09-27, -0.4079, 1.1965, Berlin, 11, -0.1531, 3.07, 3.08, 3.08, 3.08
2021-09-26, -0.3807, 1.2237, Berlin, 11, -0.1429, 3.02, 3.03, 3.03, 3.03
2021-09-25, -0.4079, 1.2237, Berlin, 11, -0.1531, 2.99, 3, 3, 3
2021-09-24, -0.4351, 1.2237, Berlin, 11, -0.1633, 2.64, 2.65, 2.65, 2.65
2021-09-23, -0.4351, 1.1965, Berlin, 11, -0.1633, 2.58, 2.59, 2.59, 2.59
2021-09-22, 0.0272, 1.3596, Berlin, 11, 0.0054, 2.56, 2.57, 2.57, 2.57
2021-09-21, 0.136, 1.2509, Berlin, 11, 0.0272, 2.58, 2.59, 2.59, 2.59
2021-09-20, 0.4623, 1.6044, Berlin, 11, 0.0924, 2.72, 2.73, 2.73, 2.73
2021-09-19, 0.4623, 1.6044, Berlin, 11, 0.0924, 2.72, 2.73, 2.73, 2.73
2021-09-18, 0.4895, 1.6316, Berlin, 11, 0.0978, 2.75, 2.76, 2.76, 2.76
2021-09-17, 0.5982, 1.6587, Berlin, 11, 0.1196, 2.94, 2.95, 2.95, 2.95
2021-09-16, 0.4895, 1.6316, Berlin, 11, 0.0978, 2.83, 2.84, 2.84, 2.84
2021-09-15, 0.1632, 1.3324, Berlin, 11, 0.0326, 2.88, 2.89, 2.89, 2.89
2021-09-14, -0.1632, 1.1149, Berlin, 11, -0.0612, 2.83, 2.84, 2.84, 2.84
2021-09-13, -0.3535, 1.1421, Berlin, 11, -0.1327, 2.58, 2.59, 2.59, 2.59
2021-09-12, -0.3807, 1.1421, Berlin, 11, -0.1429, 2.56, 2.57, 2.57, 2.57
2021-09-11, -0.4623, 1.1421, Berlin, 11, -0.1735, 2.53, 2.54, 2.54, 2.54
2021-09-10, -0.6526, 1.0605, Berlin, 11, -0.2449, 2.61, 2.62, 2.62, 2.62
2021-09-09, -0.0544, 1.1421, Berlin, 11, -0.0204, 2.88, 2.89, 2.89, 2.89
2021-09-08, 0.1903, 1.1693, Berlin, 11, 0.038, 2.8, 2.81, 2.81, 2.81
2021-09-07, 0.2991, 1.2781, Berlin, 11, 0.0598, 2.77, 2.78, 2.78, 2.78
2021-09-06, 0.2447, 1.4956, Berlin, 11, 0.0489, 2.77, 2.78, 2.78, 2.78
2021-09-05, 0.2447, 1.5228, Berlin, 11, 0.0489, 2.88, 2.89, 2.89, 2.89
2021-09-04, 0.2991, 1.6044, Berlin, 11, 0.0598, 2.99, 3, 3, 3
2021-09-03, 0.5167, 1.7131, Berlin, 11, 0.1033, 2.83, 2.84, 2.84, 2.84
2021-09-02, 0.1088, 1.1965, Berlin, 11, 0.0217, 2.56, 2.57, 2.57, 2.57
2021-09-01, -0.1088, 0.9789, Berlin, 11, -0.0408, 2.47, 2.48, 2.48, 2.48
2021-08-31, -0.1088, 0.9789, Berlin, 11, -0.0408, 2.64, 2.65, 2.65, 2.65
2021-08-30, -0.0272, 1.2509, Berlin, 11, -0.0102, 2.77, 2.78, 2.78, 2.78
2021-08-29, -0.0544, 1.2781, Berlin, 11, -0.0204, 2.69, 2.7, 2.7, 2.7
2021-08-28, -0.0544, 1.3052, Berlin, 11, -0.0204, 2.61, 2.62, 2.62, 2.62
2021-08-27, -0.1632, 1.1965, Berlin, 11, -0.0612, 2.47, 2.48, 2.48, 2.48
2021-08-26, -0.0272, 1.0877, Berlin, 11, -0.0102, 2.42, 2.43, 2.43, 2.43
2021-08-25, 0.0272, 1.0877, Berlin, 11, 0.0054, 2.42, 2.43, 2.43, 2.43
2021-08-24, -0.1088, 1.0877, Berlin, 11, -0.0408, 2.07, 2.07, 2.07, 2.07
2021-08-23, -0.1903, 1.2781, Berlin, 11, -0.0714, 2.07, 2.07, 2.07, 2.07
2021-08-22, -0.1632, 1.3324, Berlin, 11, -0.0612, 2.18, 2.18, 2.18, 2.18
2021-08-21, -0.136, 1.3596, Berlin, 11, -0.051, 2.18, 2.18, 2.18, 2.18
2021-08-20, -0.1088, 1.3596, Berlin, 11, -0.0408, 2.2, 2.21, 2.21, 2.21
2021-08-19, -0.136, 1.1149, Berlin, 11, -0.051, 2.18, 2.18, 2.18, 2.18
2021-08-18, -0.0272, 1.0605, Berlin, 11, -0.0102, 2.23, 2.24, 2.24, 2.24
2021-08-17, 0.4079, 1.1965, Berlin, 11, 0.0815, 2.39, 2.4, 2.4, 2.4
2021-08-16, 0.6798, 1.4684, Berlin, 11, 0.1359, 2.37, 2.37, 2.37, 2.37
2021-08-15, 0.707, 1.4956, Berlin, 11, 0.1413, 2.28, 2.29, 2.29, 2.29
2021-08-14, 0.707, 1.4956, Berlin, 11, 0.1413, 2.26, 2.27, 2.27, 2.27
2021-08-13, 0.6526, 1.4684, Berlin, 11, 0.1304, 2.28, 2.29, 2.29, 2.29
2021-08-12, 0.5982, 1.2509, Berlin, 11, 0.1196, 2.34, 2.35, 2.35, 2.35
2021-08-11, 0.5982, 1.0877, Berlin, 11, 0.1196, 2.09, 2.1, 2.1, 2.1
2021-08-10, 0.3807, 0.7886, Berlin, 11, 0.0761, 1.74, 1.75, 1.75, 1.75
2021-08-09, 0.2719, 0.7886, Berlin, 11, 0.0543, 1.41, 1.42, 1.42, 1.42
2021-08-08, 0.2719, 0.7886, Berlin, 11, 0.0543, 1.36, 1.36, 1.36, 1.36
2021-08-07, 0.2447, 0.7886, Berlin, 11, 0.0489, 1.31, 1.31, 1.31, 1.31
2021-08-06, 0.2175, 0.8158, Berlin, 11, 0.0435, 1.33, 1.34, 1.34, 1.34
2021-08-05, 0.1088, 0.6526, Berlin, 11, 0.0217, 1.14, 1.15, 1.15, 1.15
2021-08-04, 0.0272, 0.4895, Berlin, 11, 0.0054, 1.03, 1.04, 1.04, 1.04
2021-08-03, 0.0816, 0.4079, Berlin, 11, 0.0163, 0.9, 0.9, 0.9, 0.9
2021-08-02, 0.1088, 0.5167, Berlin, 11, 0.0217, 0.84, 0.85, 0.85, 0.85
2021-08-01, 0.1088, 0.5167, Berlin, 11, 0.0217, 0.84, 0.85, 0.85, 0.85
2021-07-31, 0.0816, 0.5439, Berlin, 11, 0.0163, 0.87, 0.87, 0.87, 0.87
2021-07-30, 0.1903, 0.5982, Berlin, 11, 0.038, 0.82, 0.82, 0.82, 0.82
2021-07-29, 0.0816, 0.5439, Berlin, 11, 0.0163, 0.82, 0.82, 0.82, 0.82
2021-07-28, 0.0544, 0.4623, Berlin, 11, 0.0109, 0.82, 0.82, 0.82, 0.82
2021-07-27, -0.2991, 0.3263, Berlin, 11, -0.1122, 0.9, 0.9, 0.9, 0.9
2021-07-26, -0.1088, 0.4079, Berlin, 11, -0.0408, 0.84, 0.85, 0.85, 0.85
2021-07-25, -0.1088, 0.4079, Berlin, 11, -0.0408, 0.84, 0.85, 0.85, 0.85
2021-07-24, -0.0544, 0.4623, Berlin, 11, -0.0204, 0.82, 0.82, 0.82, 0.82
2021-07-23, 0.0816, 0.4079, Berlin, 11, 0.0163, 0.65, 0.66, 0.66, 0.66
2021-07-22, 0.2447, 0.4623, Berlin, 11, 0.0489, 0.76, 0.76, 0.76, 0.76
2021-07-21, 0.2447, 0.4079, Berlin, 11, 0.0489, 0.73, 0.74, 0.74, 0.74
2021-07-20, 0.5167, 0.6254, Berlin, 11, 0.1033, 0.9, 0.9, 0.9, 0.9
2021-07-19, 0.3807, 0.5167, Berlin, 11, 0.0761, 0.68, 0.68, 0.68, 0.68
2021-07-18, 0.3535, 0.5167, Berlin, 11, 0.0707, 0.68, 0.68, 0.68, 0.68
2021-07-17, 0.3535, 0.5167, Berlin, 11, 0.0707, 0.68, 0.68, 0.68, 0.68
2021-07-16, 0.136, 0.3263, Berlin, 11, 0.0272, 0.68, 0.68, 0.68, 0.68
2021-07-15, 0.0272, 0.2175, Berlin, 11, 0.0054, 0.46, 0.46, 0.46, 0.46
2021-07-14, -0.0272, 0.1632, Berlin, 11, -0.0102, 0.38, 0.38, 0.38, 0.38
2021-07-13, -0.1088, 0.1088, Berlin, 11, -0.0408, 0.14, 0.14, 0.14, 0.14
2021-07-12, -0.0544, 0.136, Berlin, 11, -0.0204, 0.22, 0.22, 0.22, 0.22
2021-07-11, , 0.1632, Berlin, 11, , 0.24, 0.25, 0.25, 0.25
2021-07-10, , 0.1632, Berlin, 11, , 0.24, 0.25, 0.25, 0.25
2021-07-09, -0.0272, 0.1903, Berlin, 11, -0.0102, 0.27, 0.27, 0.27, 0.27
2021-07-08, -0.0544, 0.1903, Berlin, 11, -0.0204, 0.3, 0.3, 0.3, 0.3
2021-07-07, -0.0816, 0.1903, Berlin, 11, -0.0306, 0.33, 0.33, 0.33, 0.33
2021-07-06, -0.0816, 0.2175, Berlin, 11, -0.0306, 0.33, 0.33, 0.33, 0.33
2021-07-05, -0.2447, 0.1903, Berlin, 11, -0.0918, 0.27, 0.27, 0.27, 0.27
2021-07-04, -0.2991, 0.1632, Berlin, 11, -0.1122, 0.24, 0.25, 0.25, 0.25
2021-07-03, -0.2991, 0.1632, Berlin, 11, -0.1122, 0.24, 0.25, 0.25, 0.25
2021-07-02, -0.1903, 0.2175, Berlin, 11, -0.0714, 0.24, 0.25, 0.25, 0.25
2021-07-01, -0.0544, 0.2447, Berlin, 11, -0.0204, 0.3, 0.3, 0.3, 0.3
2021-06-30, -0.0544, 0.2719, Berlin, 11, -0.0204, 0.35, 0.35, 0.35, 0.35
2021-06-29, 0.0272, 0.2991, Berlin, 11, 0.0054, 0.33, 0.33, 0.33, 0.33
2021-06-28, 0.1903, 0.4351, Berlin, 11, 0.038, 0.33, 0.33, 0.33, 0.33
2021-06-27, 0.2175, 0.4623, Berlin, 11, 0.0435, 0.35, 0.35, 0.35, 0.35
2021-06-26, 0.1903, 0.4623, Berlin, 11, 0.038, 0.38, 0.38, 0.38, 0.38
2021-06-25, 0.0544, 0.4079, Berlin, 11, 0.0109, 0.35, 0.35, 0.35, 0.35
2021-06-24, -0.0272, 0.2991, Berlin, 11, -0.0102, 0.3, 0.3, 0.3, 0.3
2021-06-23, -0.0544, 0.3263, Berlin, 11, -0.0204, 0.33, 0.33, 0.33, 0.33
2021-06-22, -0.1632, 0.2719, Berlin, 11, -0.0612, 0.46, 0.46, 0.46, 0.46
2021-06-21, -0.2447, 0.2447, Berlin, 11, -0.0918, 0.46, 0.46, 0.46, 0.46
2021-06-20, -0.2719, 0.2447, Berlin, 11, -0.102, 0.44, 0.44, 0.44, 0.44
2021-06-19, -0.3535, 0.2719, Berlin, 11, -0.1327, 0.44, 0.44, 0.44, 0.44
2021-06-18, -0.3807, 0.3535, Berlin, 11, -0.1429, 0.54, 0.55, 0.55, 0.55
2021-06-17, -0.5167, 0.3263, Berlin, 11, -0.1939, 0.57, 0.57, 0.57, 0.57
2021-06-16, -0.4079, 0.3807, Berlin, 11, -0.1531, 0.63, 0.63, 0.63, 0.63
2021-06-15, -0.4351, 0.4351, Berlin, 11, -0.1633, 0.57, 0.57, 0.57, 0.57
2021-06-14, -0.4623, 0.4895, Berlin, 11, -0.1735, 0.54, 0.55, 0.55, 0.55
2021-06-13, -0.4079, 0.5167, Berlin, 11, -0.1531, 0.57, 0.57, 0.57, 0.57
2021-06-12, -0.3263, 0.6254, Berlin, 11, -0.1224, 0.71, 0.71, 0.71, 0.71
2021-06-11, -0.2719, 0.7342, Berlin, 11, -0.102, 0.79, 0.79, 0.79, 0.79
2021-06-10, -0.1903, 0.843, Berlin, 11, -0.0714, 0.92, 0.93, 0.93, 0.93
2021-06-09, -0.2991, 0.7886, Berlin, 11, -0.1122, 0.92, 0.93, 0.93, 0.93
2021-06-08, -0.0272, 0.8702, Berlin, 11, -0.0102, 1.03, 1.04, 1.04, 1.04
2021-06-07, 0.0544, 0.9517, Berlin, 11, 0.0109, 1.36, 1.36, 1.36, 1.36
2021-06-06, 0.0272, 0.9245, Berlin, 11, 0.0054, 1.33, 1.34, 1.34, 1.34
2021-06-05, 0.0816, 0.9517, Berlin, 11, 0.0163, 1.22, 1.23, 1.23, 1.23
2021-06-04, 0.0272, 1.0061, Berlin, 11, 0.0054, 1.25, 1.26, 1.26, 1.26
2021-06-03, 0.0816, 1.0333, Berlin, 11, 0.0163, 1.28, 1.28, 1.28, 1.28
2021-06-02, -0.136, 1.0877, Berlin, 11, -0.051, 1.55, 1.56, 1.56, 1.56
2021-06-01, -0.5167, 0.8974, Berlin, 11, -0.1939, 1.5, 1.5, 1.5, 1.5
2021-05-31, -1.1421, 0.8974, Berlin, 11, -0.4286, 1.33, 1.34, 1.34, 1.34
2021-05-30, -1.2509, 0.8974, Berlin, 11, -0.4694, 1.33, 1.34, 1.34, 1.34
2021-05-29, -1.4956, 0.8702, Berlin, 11, -0.5612, 1.28, 1.28, 1.28, 1.28
2021-05-28, -1.2509, 0.9789, Berlin, 11, -0.4694, 1.39, 1.39, 1.39, 1.39
2021-05-27, -0.8702, 0.9517, Berlin, 11, -0.3265, 1.47, 1.47, 1.47, 1.47
2021-05-26, -0.4351, 1.2237, Berlin, 11, -0.1633, 1.63, 1.64, 1.64, 1.64
2021-05-25, -0.4895, 1.414, Berlin, 11, -0.1837, 2.15, 2.16, 2.16, 2.16
2021-05-24, 0.2719, 2.0394, Berlin, 11, 0.0543, 2.83, 2.84, 2.84, 2.84
2021-05-23, 0.4079, 2.1482, Berlin, 11, 0.0815, 2.94, 2.95, 2.95, 2.95
2021-05-22, 0.8158, 2.3658, Berlin, 11, 0.163, 3.26, 3.28, 3.28, 3.28
2021-05-21, 0.7886, 2.2298, Berlin, 11, 0.1576, 3.4, 3.41, 3.41, 3.41
2021-05-20, 0.1632, 1.8219, Berlin, 11, 0.0326, 3.32, 3.33, 3.33, 3.33
2021-05-19, -0.1903, 1.6587, Berlin, 11, -0.0714, 3.32, 3.33, 3.33, 3.33
2021-05-18, -0.2719, 1.9035, Berlin, 11, -0.102, 3.48, 3.49, 3.49, 3.49
2021-05-17, -0.843, 1.7675, Berlin, 11, -0.3163, 3.37, 3.38, 3.38, 3.38
2021-05-16, -0.8974, 1.7403, Berlin, 11, -0.3367, 3.26, 3.28, 3.28, 3.28
2021-05-15, -1.1149, 1.55, Berlin, 11, -0.4184, 3.1, 3.11, 3.11, 3.11
2021-05-14, -0.7886, 1.4412, Berlin, 11, -0.2959, 3.24, 3.25, 3.25, 3.25
2021-05-13, -0.843, 1.6587, Berlin, 11, -0.3163, 3.59, 3.6, 3.6, 3.6
2021-05-12, -0.7342, 1.8491, Berlin, 11, -0.2755, 3.81, 3.82, 3.82, 3.82
2021-05-11, -0.3263, 2.1754, Berlin, 11, -0.1224, 4.27, 4.28, 4.28, 4.28
2021-05-10, -0.7614, 2.6105, Berlin, 11, -0.2857, 4.6, 4.61, 4.61, 4.61
2021-05-09, -0.7342, 2.6377, Berlin, 11, -0.2755, 4.62, 4.64, 4.64, 4.64
2021-05-08, -0.8158, 2.6649, Berlin, 11, -0.3061, 4.84, 4.86, 4.86, 4.86
2021-05-07, -1.5772, 2.2298, Berlin, 11, -0.5918, 4.89, 4.91, 4.91, 4.91
2021-05-06, -1.2781, 2.5017, Berlin, 11, -0.4796, 5.19, 5.21, 5.21, 5.21
2021-05-05, -1.1965, 2.5833, Berlin, 11, -0.449, 5.41, 5.43, 5.43, 5.43
2021-05-04, -1.3052, 2.5017, Berlin, 11, -0.4898, 5.25, 5.27, 5.27, 5.27
2021-05-03, -1.1421, 3.3719, Berlin, 11, -0.4286, 5.85, 5.87, 5.87, 5.87
2021-05-02, -1.2237, 3.3719, Berlin, 11, -0.4592, 5.93, 5.95, 5.95, 5.95
2021-05-01, -1.0333, 3.4807, Berlin, 11, -0.3878, 6.17, 6.2, 6.2, 6.2
2021-04-30, -0.4623, 3.807, Berlin, 11, -0.1735, 6.88, 6.9, 6.9, 6.9
2021-04-29, -0.4079, 3.7798, Berlin, 11, -0.1531, 7.15, 7.18, 7.18, 7.18
2021-04-28, -0.1903, 3.7798, Berlin, 11, -0.0714, 7.26, 7.29, 7.29, 7.29
2021-04-27, 0.0816, 3.807, Berlin, 11, 0.0163, 7.8, 7.83, 7.83, 7.83
2021-04-26, 0.136, 4.514, Berlin, 11, 0.0272, 8.59, 8.62, 8.62, 8.62
2021-04-25, 0.3263, 4.5955, Berlin, 11, 0.0652, 8.67, 8.71, 8.71, 8.71
2021-04-24, 0.571, 4.514, Berlin, 11, 0.1141, 8.62, 8.65, 8.65, 8.65
2021-04-23, 1.0877, 4.2692, Berlin, 11, 0.2174, 8.4, 8.43, 8.43, 8.43
2021-04-22, 0.7614, 4.1877, Berlin, 11, 0.1522, 8.78, 8.82, 8.82, 8.82
2021-04-21, 0.3535, 3.9701, Berlin, 11, 0.0707, 8.92, 8.95, 8.95, 8.95
2021-04-20, 0.4895, 3.7254, Berlin, 11, 0.0978, 8.67, 8.71, 8.71, 8.71
2021-04-19, 0.9517, 4.378, Berlin, 11, 0.1902, 7.51, 7.53, 7.53, 7.53
2021-04-18, 0.8702, 4.2692, Berlin, 11, 0.1739, 7.56, 7.59, 7.59, 7.59
2021-04-17, 0.136, 3.9429, Berlin, 11, 0.0272, 7.45, 7.48, 7.48, 7.48
2021-04-16, -0.0272, 3.1815, Berlin, 11, -0.0102, 7.67, 7.7, 7.7, 7.7
2021-04-15, 1.0333, 3.4263, Berlin, 11, 0.2065, 7.56, 7.59, 7.59, 7.59
2021-04-14, 1.4956, 3.6166, Berlin, 11, 0.2989, 8.18, 8.21, 8.21, 8.21
2021-04-13, 0.7342, 3.2359, Berlin, 11, 0.1467, 8.29, 8.32, 8.32, 8.32
2021-04-12, 0.0816, 3.4263, Berlin, 11, 0.0163, 7.91, 7.94, 7.94, 7.94
2021-04-11, 0.4079, 3.3991, Berlin, 11, 0.0815, 8.05, 8.08, 8.08, 8.08
2021-04-10, 0.571, 3.807, Berlin, 11, 0.1141, 8.81, 8.84, 8.84, 8.84
2021-04-09, -0.3263, 3.2087, Berlin, 11, -0.1224, 8.02, 8.05, 8.05, 8.05
2021-04-08, -1.0605, 2.3929, Berlin, 11, -0.398, 7.83, 7.86, 7.86, 7.86
2021-04-07, -1.6316, 2.121, Berlin, 11, -0.6122, 7.72, 7.75, 7.75, 7.75
2021-04-06, -0.8702, 2.5017, Berlin, 11, -0.3265, 7.53, 7.56, 7.56, 7.56
2021-04-05, -0.8702, 3.3447, Berlin, 11, -0.3265, 8.1, 8.13, 8.13, 8.13
2021-04-04, -1.3596, 2.9912, Berlin, 11, -0.5102, 7.75, 7.78, 7.78, 7.78
2021-04-03, -0.843, 3.2359, Berlin, 11, -0.3163, 7.42, 7.45, 7.45, 7.45
2021-04-02, -0.4079, 3.535, Berlin, 11, -0.1531, 8.38, 8.41, 8.41, 8.41
2021-04-01, -0.1632, 3.4535, Berlin, 11, -0.0612, 8.29, 8.32, 8.32, 8.32
2021-03-31, 0.5982, 3.7526, Berlin, 11, 0.1196, 8.02, 8.05, 8.05, 8.05
2021-03-30, 0.1903, 3.3719, Berlin, 11, 0.038, 7.75, 7.78, 7.78, 7.78
2021-03-29, 0.2447, 4.2149, Berlin, 11, 0.0489, 7.86, 7.89, 7.89, 7.89
2021-03-28, 0.2991, 4.3508, Berlin, 11, 0.0598, 7.99, 8.02, 8.02, 8.02
2021-03-27, 0.1088, 4.0789, Berlin, 11, 0.0217, 7.51, 7.53, 7.53, 7.53
2021-03-26, 0.3263, 3.9429, Berlin, 11, 0.0652, 7.1, 7.12, 7.12, 7.12
2021-03-25, -0.1903, 3.6166, Berlin, 11, -0.0714, 6.85, 6.88, 6.88, 6.88
2021-03-24, -0.5167, 3.1543, Berlin, 11, -0.1939, 6.31, 6.33, 6.33, 6.33
2021-03-23, -0.571, 3.1815, Berlin, 11, -0.2143, 6.58, 6.6, 6.6, 6.6
2021-03-22, 0.6526, 3.9701, Berlin, 11, 0.1304, 6.63, 6.66, 6.66, 6.66
2021-03-21, 0.7342, 4.0517, Berlin, 11, 0.1467, 6.72, 6.74, 6.74, 6.74
2021-03-20, 0.8158, 3.9701, Berlin, 11, 0.163, 6.88, 6.9, 6.9, 6.9
2021-03-19, 0.5439, 3.6166, Berlin, 11, 0.1087, 6.66, 6.69, 6.69, 6.69
2021-03-18, 0.9245, 3.807, Berlin, 11, 0.1848, 7.21, 7.23, 7.23, 7.23
2021-03-17, 1.0333, 3.671, Berlin, 11, 0.2065, 7.37, 7.4, 7.4, 7.4
2021-03-16, 0.843, 3.7526, Berlin, 11, 0.1685, 7.51, 7.53, 7.53, 7.53
2021-03-15, -0.8702, 3.3175, Berlin, 11, -0.3265, 6.15, 6.17, 6.17, 6.17
2021-03-14, -0.7886, 3.3175, Berlin, 11, -0.2959, 6.17, 6.2, 6.2, 6.2
2021-03-13, -1.1421, 3.1543, Berlin, 11, -0.4286, 5.96, 5.98, 5.98, 5.98
2021-03-12, -0.9789, 3.0728, Berlin, 11, -0.3673, 6.04, 6.06, 6.06, 6.06
2021-03-11, -0.6526, 2.8824, Berlin, 11, -0.2449, 5.57, 5.59, 5.59, 5.59
2021-03-10, -0.8974, 2.6377, Berlin, 11, -0.3367, 5.71, 5.73, 5.73, 5.73
2021-03-09, -0.4895, 2.9096, Berlin, 11, -0.1837, 5.44, 5.46, 5.46, 5.46
2021-03-08, -0.2175, 4.1877, Berlin, 11, -0.0816, 6.91, , , 
2021-03-07, -0.1903, 4.1061, Berlin, 11, -0.0714, 6.66, , , 
2021-03-06, 0.1903, 4.2964, Berlin, 11, 0.038, 6.83, , , 
2021-03-05, 0.0544, 4.0517, Berlin, 11, 0.0109, 7.12, , , 
2021-03-04, -0.8974, 3.535, Berlin, 11, -0.3367, 7.18, , , 
2021-03-03, -0.8702, 3.535, Berlin, 11, -0.3265, 7.18, , , 
2021-03-02, -0.9245, 3.3991, Berlin, 11, -0.3469, 7.42, , , 
2021-03-01, -0.8158, 4.4052, Berlin, 11, -0.3061, 7.56, , , 
2021-02-28, -0.9789, 4.2964, Berlin, 11, -0.3673, 7.64, , , 
2021-02-27, -0.843, 4.1061, Berlin, 11, -0.3163, 7.61, , , 
2021-02-26, -0.9789, 3.9973, Berlin, 11, -0.3673, 7.67, , , 
2021-02-25, -0.4351, 4.4324, Berlin, 11, -0.1633, 8.02, , , 
2021-02-24, -0.8974, 4.4052, Berlin, 11, -0.3367, 7.97, , , 
2021-02-23, -0.9789, 4.3236, Berlin, 11, -0.3673, 7.61, , , 
2021-02-22, -0.7886, 5.221, Berlin, 11, -0.2959, 7.86, , , 
2021-02-21, -0.571, 5.2754, Berlin, 11, -0.2143, 8.08, , , 
2021-02-20, -0.9245, 4.9491, Berlin, 11, -0.3469, 8.13, , , 
2021-02-19, -0.9245, 4.9762, Berlin, 11, -0.3469, 8.13, , , 
2021-02-18, -0.9789, 4.8675, Berlin, 11, -0.3673, 8.18, , , 
2021-02-17, -0.4079, 5.3026, Berlin, 11, -0.1531, 8.59, , , 
2021-02-16, -0.3535, 5.3026, Berlin, 11, -0.1327, 9.25, , , 
2021-02-15, -0.7614, 6.0096, Berlin, 11, -0.2857, 9.03, , , 
2021-02-14, -0.8974, 5.8464, Berlin, 11, -0.3367, 8.97, , , 
2021-02-13, -1.0877, 5.8736, Berlin, 11, -0.4082, 9.16, , , 
2021-02-12, -1.1149, 5.9008, Berlin, 11, -0.4184, 9.35, , , 
2021-02-11, -0.6526, 5.8464, Berlin, 11, -0.2449, 9.82, , , 
2021-02-10, -0.9789, 5.7104, Berlin, 11, -0.3673, 10.12, , , 
2021-02-09, -1.1965, 5.6561, Berlin, 11, -0.449, 10.14, , , 
2021-02-08, -1.1965, 6.771, Berlin, 11, -0.449, 11.42, , , 
2021-02-07, -1.2509, 6.7438, Berlin, 11, -0.4694, 11.42, , , 
2021-02-06, -0.9245, 6.9613, Berlin, 11, -0.3469, 11.56, , , 
2021-02-05, -1.3596, 7.0157, Berlin, 11, -0.5102, 11.72, , , 
2021-02-04, -1.5772, 6.499, Berlin, 11, -0.5918, 11.37, , , 
2021-02-03, -1.3052, 6.6894, Berlin, 11, -0.4898, 11.86, , , 
2021-02-02, -1.0605, 6.8525, Berlin, 11, -0.398, 12.59, , , 
2021-02-01, -0.5167, 7.9674, Berlin, 11, -0.1939, 12.18, , , 
2021-01-31, -0.3807, 7.9946, Berlin, 11, -0.1429, 12.24, , , 
2021-01-30, 0.4895, 7.8859, Berlin, 11, 0.0978, 12.45, , , 
2021-01-29, 1.2781, 8.3753, Berlin, 11, 0.2554, 13.92, , , 
2021-01-28, 1.1149, 8.0762, Berlin, 11, 0.2228, 14.03, , , 
2021-01-27, 1.0877, 7.9946, Berlin, 11, 0.2174, 14.33, , , 
2021-01-26, 0.707, 7.913, Berlin, 11, 0.1413, 14.93, , , 
2021-01-25, 0.0272, 8.4841, Berlin, 11, 0.0054, 14.85, , , 
2021-01-24, -0.5439, 8.3753, Berlin, 11, -0.2041, 15.04, , , 
2021-01-23, -1.0605, 7.3964, Berlin, 11, -0.398, 15.06, , , 
2021-01-22, -1.7403, 7.0973, Berlin, 11, -0.6531, 14.52, , , 
2021-01-21, -2.8008, 6.9613, Berlin, 11, -1.051, 15.47, , , 
2021-01-20, -1.9579, 6.9069, Berlin, 11, -0.7347, 15.64, , , 
2021-01-19, -2.0394, 7.206, Berlin, 11, -0.7653, 16.59, , , 
2021-01-18, -1.0605, 8.4569, Berlin, 11, -0.398, 17.73, , , 
2021-01-17, -1.1149, 8.9192, Berlin, 11, -0.4184, 18.11, , , 
2021-01-16, -1.55, 8.4569, Berlin, 11, -0.5816, 18.25, , , 
2021-01-15, 1.4412, 8.8376, Berlin, 11, 0.288, 19.17, , , 
2021-01-14, 4.3236, 9.7621, Berlin, 11, 0.8641, 21.84, , , 
2021-01-13, 3.7254, 8.8648, Berlin, 11, 0.7446, 21.73, , , 
2021-01-12, 5.1666, 9.2455, Berlin, 11, 1.0326, 22.3, , , 
2021-01-11, 4.5412, 9.5174, Berlin, 11, 0.9076, 21.67, , , 
2021-01-10, 4.378, 10.0341, Berlin, 11, 0.875, 22.11, , , 
2021-01-09, 3.9157, 10.0069, Berlin, 11, 0.7826, 22.52, , , 
2021-01-08, 1.0061, 7.3964, Berlin, 11, 0.2011, 19.61, , , 
2021-01-07, -0.571, 5.4385, Berlin, 11, -0.2143, 15.64, , , 
2021-01-06, , 5.1394, Berlin, 11, , 15.96, , , 
2021-01-05, -0.5982, 4.0789, Berlin, 11, -0.2245, 15.77, , , 
2021-01-04, -0.1903, 4.9762, Berlin, 11, -0.0714, 16.78, , , 
2021-01-03, 0.4895, 5.6561, Berlin, 11, 0.0978, 17.1, , , 
2021-01-02, 0.6798, 6.0911, Berlin, 11, 0.1359, 17.7, , , 
2021-01-01, -0.571, 6.3903, Berlin, 11, -0.2143, 17.73, , , 
2020-12-31, -1.4956, 6.0096, Berlin, 11, -0.5612, 18, , , 
2020-12-30, -1.8763, 5.1394, Berlin, 11, -0.7041, 18.71, , , 
2020-12-29, -2.4201, 4.6771, Berlin, 11, -0.9082, 17.78, , , 
2020-12-28, -2.121, 5.1666, Berlin, 11, -0.7959, 17.78, , , 
2020-12-27, -2.3114, 5.1666, Berlin, 11, -0.8673, 16.75, , , 
2020-12-26, -0.3807, 5.4113, Berlin, 11, -0.1429, 15.99, , , 
2020-12-25, 0.1903, 6.9613, Berlin, 11, 0.038, 18.9, , , 
2020-12-24, 0.843, 7.5052, Berlin, 11, 0.1685, 22.16, , , 
2020-12-23, 0.4895, 7.0157, Berlin, 11, 0.0978, 22.03, , , 
2020-12-22, 0.3263, 7.0973, Berlin, 11, 0.0652, 21.73, , , 
2020-12-21, -0.3535, 7.2876, Berlin, 11, -0.1327, 21.18, , , 
2020-12-20, -0.5439, 7.478, Berlin, 11, -0.2041, 21.65, , , 
2020-12-19, -1.9851, 5.792, Berlin, 11, -0.7449, 21.1, , , 
2020-12-18, -1.7403, 6.771, Berlin, 11, -0.6531, 21.7, , , 
2020-12-17, -1.7403, 6.6622, Berlin, 11, -0.6531, 20.67, , , 
2020-12-16, -0.5167, 6.5262, Berlin, 11, -0.1939, 20.26, , , 
2020-12-15, 0.5982, 6.771, Berlin, 11, 0.1196, 20.53, , , 
2020-12-14, 0.3807, 7.6411, Berlin, 11, 0.0761, 19.96, , , 
2020-12-13, 0.6254, 8.0218, Berlin, 11, 0.125, 19.8, , , 
2020-12-12, 1.3324, 7.7771, Berlin, 11, 0.2663, 20.34, , , 
2020-12-11, 2.121, 8.5113, Berlin, 11, 0.4239, 19.14, , , 
2020-12-10, 2.3658, 8.4025, Berlin, 11, 0.4728, 18.49, , , 
2020-12-09, 1.3868, 7.0429, Berlin, 11, 0.2772, 17.54, , , 
2020-12-08, 0.2991, 6.1727, Berlin, 11, 0.0598, 17.35, , , 
2020-12-07, 0.2175, 7.2604, Berlin, 11, 0.0435, 16.91, , , 
2020-12-06, 1.0877, 7.3964, Berlin, 11, 0.2174, 17, , , 
2020-12-05, -0.3535, 6.4446, Berlin, 11, -0.1327, 16.34, , , 
2020-12-04, , 6.3903, Berlin, 11, , 16.29, , , 
2020-12-03, -0.1903, 6.0368, Berlin, 11, -0.0714, 15.8, , , 
2020-12-02, 0.0544, 5.6561, Berlin, 11, 0.0109, 16.07, , , 
2020-12-01, 1.1149, 5.8736, Berlin, 11, 0.2228, 16.29, , , 
2020-11-30, 1.8763, 7.0429, Berlin, 11, 0.375, 17.05, , , 
2020-11-29, 0.9245, 6.3087, Berlin, 11, 0.1848, 17.13, , , 
2020-11-28, 1.4684, 6.7981, Berlin, 11, 0.2935, 17.05, , , 
2020-11-27, 1.5772, 6.3903, Berlin, 11, 0.3152, 16.81, , , 
2020-11-26, 0.7342, 6.2271, Berlin, 11, 0.1467, 16.91, , , 
2020-11-25, -0.2991, 5.6017, Berlin, 11, -0.1122, 16.02, , , 
2020-11-24, -1.414, 4.7587, Berlin, 11, -0.5306, 15.04, , , 
2020-11-23, -1.8219, 5.1666, Berlin, 11, -0.6837, 14.28, , , 
2020-11-22, -1.2509, 5.3841, Berlin, 11, -0.4694, 14.19, , , 
2020-11-21, -0.3807, 5.3297, Berlin, 11, -0.1429, 14.93, , , 
2020-11-20, -0.0272, 4.8131, Berlin, 11, -0.0102, 13.9, , , 
2020-11-19, 1.6587, 5.4929, Berlin, 11, 0.3315, 13.62, , , 
2020-11-18, 1.9307, 5.9008, Berlin, 11, 0.3859, 14.6, , , 
2020-11-17, 2.5017, 6.1727, Berlin, 11, 0.5, 14.36, , , 
2020-11-16, 2.7465, 6.9885, Berlin, 11, 0.5489, 14.17, , , 
2020-11-15, 1.9307, 6.635, Berlin, 11, 0.3859, 13.68, , , 
2020-11-14, 1.0333, 5.7104, Berlin, 11, 0.2065, 13.03, , , 
2020-11-13, 0.8158, 4.8403, Berlin, 11, 0.163, 13.27, , , 
2020-11-12, 0.5167, 3.8342, Berlin, 11, 0.1033, 12.81, , , 
2020-11-11, 0.136, 3.9701, Berlin, 11, 0.0272, 12.37, , , 
2020-11-10, 0.0272, 3.671, Berlin, 11, 0.0054, 12.1, , , 
2020-11-09, -0.1088, 4.242, Berlin, 11, -0.0408, 11.94, , , 
2020-11-08, 0.3535, 4.7043, Berlin, 11, 0.0707, 12.29, , , 
2020-11-07, 0.843, 4.6771, Berlin, 11, 0.1685, 11.99, , , 
2020-11-06, 0.3263, 4.0245, Berlin, 11, 0.0652, 11.56, , , 
2020-11-05, -0.1903, 3.3175, Berlin, 11, -0.0714, 11.37, , , 
2020-11-04, 0.7342, 3.8342, Berlin, 11, 0.1467, 11.04, , , 
2020-11-03, 0.8702, 3.6438, Berlin, 11, 0.1739, 10.61, , , 
2020-11-02, 1.1421, 4.3508, Berlin, 11, 0.2283, 10.14, , , 
2020-11-01, 0.9517, 4.3508, Berlin, 11, 0.1902, 9.82, , , 
2020-10-31, 0.8158, 3.8342, Berlin, 11, 0.163, 9.73, , , 
2020-10-30, 0.843, 3.6982, Berlin, 11, 0.1685, 9.6, , , 
2020-10-29, 0.8158, 3.5078, Berlin, 11, 0.163, 8.92, , , 
2020-10-28, 0.2719, 3.1, Berlin, 11, 0.0543, 8.1, , , 
2020-10-27, 0.4895, 2.7736, Berlin, 11, 0.0978, 7.72, , , 
2020-10-26, 0.6798, 3.2087, Berlin, 11, 0.1359, 7.12, , , 
2020-10-25, 0.9245, 3.3991, Berlin, 11, 0.1848, 6.85, , , 
2020-10-24, 0.4895, 3.0184, Berlin, 11, 0.0978, 6.8, , , 
2020-10-23, 0.4895, 2.8552, Berlin, 11, 0.0978, 6.36, , , 
2020-10-22, 0.2175, 2.6921, Berlin, 11, 0.0435, 5.96, , , 
2020-10-21, 0.6254, 2.828, Berlin, 11, 0.125, 5.82, , , 
2020-10-20, 0.2719, 2.2842, Berlin, 11, 0.0543, 5.38, , , 
2020-10-19, 0.2447, 2.5289, Berlin, 11, 0.0489, 5, , , 
2020-10-18, 0.3807, 2.4745, Berlin, 11, 0.0761, 4.95, , , 
2020-10-17, 0.7614, 2.5289, Berlin, 11, 0.1522, 5, , , 
2020-10-16, 0.7886, 2.3658, Berlin, 11, 0.1576, 4.6, , , 
2020-10-15, 1.0877, 2.4745, Berlin, 11, 0.2174, 4.79, , , 
2020-10-14, 0.8158, 2.2026, Berlin, 11, 0.163, 4.43, , , 
2020-10-13, 0.707, 2.0123, Berlin, 11, 0.1413, 4.32, , , 
2020-10-12, 0.8702, 2.2842, Berlin, 11, 0.1739, 4.02, , , 
2020-10-11, 0.707, 2.0938, Berlin, 11, 0.1413, 3.86, , , 
2020-10-10, 0.571, 1.7675, Berlin, 11, 0.1141, 3.51, , , 
2020-10-09, 0.2991, 1.5772, Berlin, 11, 0.0598, 3.45, , , 
2020-10-08, 0.0544, 1.3868, Berlin, 11, 0.0109, 2.83, , , 
2020-10-07, 0.4351, 1.3868, Berlin, 11, 0.087, 2.61, , , 
2020-10-06, 0.4351, 1.3052, Berlin, 11, 0.087, 2.37, , , 
2020-10-05, 0.3807, 1.414, Berlin, 11, 0.0761, 2.23, , , 
2020-10-04, 0.4623, 1.3868, Berlin, 11, 0.0924, 2.23, , , 
2020-10-03, 0.4079, 1.1965, Berlin, 11, 0.0815, 2.15, , , 
2020-10-02, 0.4079, 1.2781, Berlin, 11, 0.0815, 2.15, , , 
2020-10-01, 0.5982, 1.3324, Berlin, 11, 0.1196, 2.18, , , 
2020-09-30, 0.2719, 0.9517, Berlin, 11, 0.0543, 2.01, , , 
2020-09-29, 0.2719, 0.8702, Berlin, 11, 0.0543, 1.85, , , 
2020-09-28, 0.2991, 1.0333, Berlin, 11, 0.0598, 1.58, , , 
2020-09-27, 0.2175, 0.9245, Berlin, 11, 0.0435, 1.58, , , 
2020-09-26, 0.0272, 0.7886, Berlin, 11, 0.0054, 1.58, , , 
2020-09-25, 0.2991, 0.8702, Berlin, 11, 0.0598, 1.33, , , 
2020-09-24, 0.2175, 0.7342, Berlin, 11, 0.0435, 1.22, , , 
2020-09-23, 0.136, 0.6798, Berlin, 11, 0.0272, 1.2, , , 
2020-09-22, 0.2175, 0.5982, Berlin, 11, 0.0435, 1.14, , , 
2020-09-21, 0.3535, 0.7342, Berlin, 11, 0.0707, 1.11, , , 
2020-09-20, 0.3263, 0.707, Berlin, 11, 0.0652, 1.09, , , 
2020-09-19, 0.3263, 0.7614, Berlin, 11, 0.0652, 1.2, , , 
2020-09-18, 0.0544, 0.571, Berlin, 11, 0.0109, 1.09, , , 
2020-09-17, 0.1632, 0.5167, Berlin, 11, 0.0326, 0.98, , , 
2020-09-16, 0.1088, 0.5439, Berlin, 11, 0.0217, 0.84, , , 
2020-09-15, 0.0272, 0.3807, Berlin, 11, 0.0054, 0.68, , , 
2020-09-14, 0.0272, 0.3807, Berlin, 11, 0.0054, 0.68, , , 
2020-09-13, 0.0272, 0.3807, Berlin, 11, 0.0054, 0.68, , , 
2020-09-12, 0.0816, 0.4351, Berlin, 11, 0.0163, 0.6, , , 
2020-09-11, 0.1632, 0.5167, Berlin, 11, 0.0326, 0.63, , , 
2020-09-10, 0.1632, 0.3535, Berlin, 11, 0.0326, 0.54, , , 
2020-09-09, 0.2719, 0.4351, Berlin, 11, 0.0543, 0.65, , , 
2020-09-08, 0.1632, 0.3535, Berlin, 11, 0.0326, 0.68, , , 
2020-09-07, 0.0816, 0.3535, Berlin, 11, 0.0163, 0.6, , , 
2020-09-06, 0.0816, 0.3535, Berlin, 11, 0.0163, 0.6, , , 
2020-09-05, , 0.3535, Berlin, 11, , 0.54, , , 
2020-09-04, -0.0816, 0.3535, Berlin, 11, -0.0306, 0.54, , , 
2020-09-03, -0.3807, 0.1903, Berlin, 11, -0.1429, 0.54, , , 
2020-09-02, -0.3535, 0.1632, Berlin, 11, -0.1327, 0.49, , , 
2020-09-01, -0.3807, 0.1903, Berlin, 11, -0.1429, 0.49, , , 
2020-08-31, -0.4079, 0.2719, Berlin, 11, -0.1531, 0.54, , , 
2020-08-30, -0.3535, 0.2719, Berlin, 11, -0.1327, 0.52, , , 
2020-08-29, -0.136, 0.3535, Berlin, 11, -0.051, 0.6, , , 
2020-08-28, 0.1088, 0.4351, Berlin, 11, 0.0217, 0.63, , , 
2020-08-27, 0.2447, 0.571, Berlin, 11, 0.0489, 0.76, , , 
2020-08-26, 0.1632, 0.5167, Berlin, 11, 0.0326, 0.71, , , 
2020-08-25, 0.2991, 0.571, Berlin, 11, 0.0598, 0.76, , , 
2020-08-24, 0.2991, 0.6798, Berlin, 11, 0.0598, 0.71, , , 
2020-08-23, 0.2175, 0.6254, Berlin, 11, 0.0435, 0.71, , , 
2020-08-22, 0.0816, 0.4895, Berlin, 11, 0.0163, 0.65, , , 
2020-08-21, , 0.3263, Berlin, 11, , 0.57, , , 
2020-08-20, -0.0816, 0.3263, Berlin, 11, -0.0306, 0.46, , , 
2020-08-19, , 0.3535, Berlin, 11, , 0.54, , , 
2020-08-18, -0.0816, 0.2719, Berlin, 11, -0.0306, 0.57, , , 
2020-08-17, , 0.3807, Berlin, 11, , 0.57, , , 
2020-08-16, 0.0544, 0.4079, Berlin, 11, 0.0109, 0.6, , , 
2020-08-15, 0.0544, 0.4079, Berlin, 11, 0.0109, 0.57, , , 
2020-08-14, 0.0272, 0.3263, Berlin, 11, 0.0054, 0.6, , , 
2020-08-13, 0.0816, 0.4079, Berlin, 11, 0.0163, 0.63, , , 
2020-08-12, , 0.3535, Berlin, 11, , 0.49, , , 
2020-08-11, , 0.3535, Berlin, 11, , 0.49, , , 
2020-08-10, , 0.3807, Berlin, 11, , 0.49, , , 
2020-08-09, -0.0544, 0.3535, Berlin, 11, -0.0204, 0.46, , , 
2020-08-08, , 0.3535, Berlin, 11, , 0.46, , , 
2020-08-07, -0.0816, 0.2991, Berlin, 11, -0.0306, 0.46, , , 
2020-08-06, -0.0272, 0.3263, Berlin, 11, -0.0102, 0.44, , , 
2020-08-05, 0.136, 0.3535, Berlin, 11, 0.0272, 0.57, , , 
2020-08-04, 0.2447, 0.3535, Berlin, 11, 0.0489, 0.57, , , 
2020-08-03, 0.1088, 0.3807, Berlin, 11, 0.0217, 0.49, , , 
2020-08-02, 0.136, 0.4079, Berlin, 11, 0.0272, 0.52, , , 
2020-08-01, 0.0816, 0.3535, Berlin, 11, 0.0163, 0.54, , , 
2020-07-31, 0.0544, 0.3807, Berlin, 11, 0.0109, 0.57, , , 
2020-07-30, , 0.3535, Berlin, 11, , 0.57, , , 
2020-07-29, -0.1632, 0.2175, Berlin, 11, -0.0612, 0.49, , , 
2020-07-28, -0.1632, 0.1088, Berlin, 11, -0.0612, 0.33, , , 
2020-07-27, 0.0544, 0.2719, Berlin, 11, 0.0109, 0.46, , , 
2020-07-26, 0.0544, 0.2719, Berlin, 11, 0.0109, 0.44, , , 
2020-07-25, 0.0272, 0.2719, Berlin, 11, 0.0054, 0.44, , , 
2020-07-24, 0.136, 0.3263, Berlin, 11, 0.0272, 0.46, , , 
2020-07-23, 0.1903, 0.3535, Berlin, 11, 0.038, 0.41, , , 
2020-07-22, 0.1632, 0.3807, Berlin, 11, 0.0326, 0.44, , , 
2020-07-21, 0.1088, 0.2719, Berlin, 11, 0.0217, 0.52, , , 
2020-07-20, -0.0544, 0.2175, Berlin, 11, -0.0204, 0.41, , , 
2020-07-19, -0.1088, 0.2175, Berlin, 11, -0.0408, 0.41, , , 
2020-07-18, -0.0544, 0.2447, Berlin, 11, -0.0204, 0.41, , , 
2020-07-17, -0.136, 0.1903, Berlin, 11, -0.051, 0.27, , , 
2020-07-16, -0.1903, 0.1632, Berlin, 11, -0.0714, 0.33, , , 
2020-07-15, -0.2447, 0.2175, Berlin, 11, -0.0918, 0.35, , , 
2020-07-14, -0.4623, 0.1632, Berlin, 11, -0.1735, 0.3, , , 
2020-07-13, -0.4895, 0.2719, Berlin, 11, -0.1837, 0.33, , , 
2020-07-12, -0.3535, 0.3263, Berlin, 11, -0.1327, 0.38, , , 
2020-07-11, -0.3263, 0.2991, Berlin, 11, -0.1224, 0.41, , , 
2020-07-10, -0.1903, 0.3263, Berlin, 11, -0.0714, 0.49, , , 
2020-07-09, -0.0816, 0.3535, Berlin, 11, -0.0306, 0.52, , , 
2020-07-08, 0.1632, 0.4623, Berlin, 11, 0.0326, 0.6, , , 
2020-07-07, 0.2719, 0.6254, Berlin, 11, 0.0543, 0.82, , , 
2020-07-06, 0.3807, 0.7614, Berlin, 11, 0.0761, 1.01, , , 
2020-07-05, 0.2719, 0.6798, Berlin, 11, 0.0543, 0.95, , , 
2020-07-04, 0.2175, 0.6254, Berlin, 11, 0.0435, 0.9, , , 
2020-07-03, -0.1088, 0.5167, Berlin, 11, -0.0408, 0.9, , , 
2020-07-02, -0.2991, 0.4351, Berlin, 11, -0.1122, 0.79, , , 
2020-07-01, -0.4623, 0.2991, Berlin, 11, -0.1735, 0.71, , , 
2020-06-30, -0.4623, 0.3535, Berlin, 11, -0.1735, 0.63, , , 
2020-06-29, -0.4079, 0.3807, Berlin, 11, -0.1531, 0.44, , , 
2020-06-28, -0.4895, 0.4079, Berlin, 11, -0.1837, 0.46, , , 
2020-06-27, -0.5167, 0.4079, Berlin, 11, -0.1939, 0.49, , , 
2020-06-26, -0.0272, 0.6254, Berlin, 11, -0.0102, 0.79, , , 
2020-06-25, -0.1088, 0.7342, Berlin, 11, -0.0408, 1.03, , , 
2020-06-24, -0.0816, 0.7614, Berlin, 11, -0.0306, 1.11, , , 
2020-06-23, -0.0816, 0.8158, Berlin, 11, -0.0306, 1.11, , , 
2020-06-22, -0.0544, 0.7886, Berlin, 11, -0.0204, 1.11, , , 
2020-06-21, 0.1903, 0.8974, Berlin, 11, 0.038, 1.22, , , 
2020-06-20, 0.2175, 0.9245, Berlin, 11, 0.0435, 1.31, , , 
2020-06-19, 0.0272, 0.6526, Berlin, 11, 0.0054, 1.11, , , 
2020-06-18, 0.4351, 0.843, Berlin, 11, 0.087, 1.17, , , 
2020-06-17, 0.3263, 0.843, Berlin, 11, 0.0652, 1.11, , , 
2020-06-16, 0.2991, 0.8974, Berlin, 11, 0.0598, 1.2, , , 
2020-06-15, 0.3263, 0.843, Berlin, 11, 0.0652, 1.25, , , 
2020-06-14, 0.2175, 0.707, Berlin, 11, 0.0435, 1.17, , , 
2020-06-13, 0.2175, 0.707, Berlin, 11, 0.0435, 1.17, , , 
2020-06-12, 0.1632, 0.6254, Berlin, 11, 0.0326, 1.11, , , 
2020-06-11, -0.1088, 0.4079, Berlin, 11, -0.0408, 0.82, , , 
2020-06-10, 0.2719, 0.5167, Berlin, 11, 0.0543, 0.9, , , 
2020-06-09, 0.2719, 0.5982, Berlin, 11, 0.0543, 0.87, , , 
2020-06-08, 0.136, 0.5167, Berlin, 11, 0.0272, 0.73, , , 
2020-06-07, 0.0816, 0.4895, Berlin, 11, 0.0163, 0.76, , , 
2020-06-06, 0.136, 0.4895, Berlin, 11, 0.0272, 0.73, , , 
2020-06-05, -0.0544, 0.4623, Berlin, 11, -0.0204, 0.63, , , 
2020-06-04, 0.0544, 0.5167, Berlin, 11, 0.0109, 0.71, , , 
2020-06-03, -0.136, 0.2447, Berlin, 11, -0.051, 0.57, , , 
2020-06-02, -0.1632, 0.3263, Berlin, 11, -0.0612, 0.46, , , 
2020-06-01, -0.2991, 0.3807, Berlin, 11, -0.1122, 0.63, , , 
2020-05-31, -0.3263, 0.4079, Berlin, 11, -0.1224, 0.6, , , 
2020-05-30, -0.2447, 0.3535, Berlin, 11, -0.0918, 0.54, , , 
2020-05-29, -0.0816, 0.5167, Berlin, 11, -0.0306, 0.76, , , 
2020-05-28, -0.1088, 0.4623, Berlin, 11, -0.0408, 0.73, , , 
2020-05-27, -0.3807, 0.3807, Berlin, 11, -0.1429, 0.71, , , 
2020-05-26, -0.1903, 0.4895, Berlin, 11, -0.0714, 0.79, , , 
2020-05-25, 0.0272, 0.6798, Berlin, 11, 0.0054, 0.87, , , 
2020-05-24, 0.0816, 0.7342, Berlin, 11, 0.0163, 0.92, , , 
2020-05-23, -0.0816, 0.5982, Berlin, 11, -0.0306, 0.92, , , 
2020-05-22, , 0.5982, Berlin, 11, , 0.73, , , 
2020-05-21, -0.0816, 0.571, Berlin, 11, -0.0306, 0.76, , , 
2020-05-20, -0.1903, 0.7614, Berlin, 11, -0.0714, 0.92, , , 
2020-05-19, -0.5982, 0.6798, Berlin, 11, -0.2245, 0.92, , , 
2020-05-18, -0.9517, 0.6526, Berlin, 11, -0.3571, 0.84, , , 
2020-05-17, -1.0061, 0.6526, Berlin, 11, -0.3776, 0.82, , , 
2020-05-16, -1.0877, 0.6798, Berlin, 11, -0.4082, 0.87, , , 
2020-05-15, -0.843, 0.5982, Berlin, 11, -0.3163, 0.84, , , 
2020-05-14, -0.9517, 0.6526, Berlin, 11, -0.3571, 1.01, , , 
2020-05-13, -0.4895, 0.9517, Berlin, 11, -0.1837, 1.28, , , 
2020-05-12, -0.1903, 1.2781, Berlin, 11, -0.0714, 1.71, , , 
2020-05-11, -0.1088, 1.6044, Berlin, 11, -0.0408, 1.93, , , 
2020-05-10, -0.136, 1.6587, Berlin, 11, -0.051, 1.99, , , 
2020-05-09, -0.1632, 1.7675, Berlin, 11, -0.0612, 2.2, , , 
2020-05-08, -0.6798, 1.4412, Berlin, 11, -0.2551, 2.23, , , 
2020-05-07, -0.4895, 1.6044, Berlin, 11, -0.1837, 2.45, , , 
2020-05-06, -0.571, 1.4412, Berlin, 11, -0.2143, 2.45, , , 
2020-05-05, -0.3807, 1.4684, Berlin, 11, -0.1429, 2.58, , , 
2020-05-04, -0.3535, 1.7131, Berlin, 11, -0.1327, 2.69, , , 
2020-05-03, -0.4623, 1.7947, Berlin, 11, -0.1735, 2.72, , , 
2020-05-02, -0.4079, 1.9307, Berlin, 11, -0.1531, 3.26, , , 
2020-05-01, -0.6798, 2.121, Berlin, 11, -0.2551, 3.59, , , 
2020-04-30, -0.3535, 2.0938, Berlin, 11, -0.1327, 3.64, , , 
2020-04-29, -1.1693, 2.0123, Berlin, 11, -0.4388, 3.97, , , 
2020-04-28, -1.3052, 1.8491, Berlin, 11, -0.4898, 3.59, , , 
2020-04-27, -1.1149, 2.0666, Berlin, 11, -0.4184, 3.45, , , 
2020-04-26, -0.843, 2.257, Berlin, 11, -0.3163, 3.62, , , 
2020-04-25, -0.843, 2.3386, Berlin, 11, -0.3163, 3.26, , , 
2020-04-24, -0.1632, 2.8008, Berlin, 11, -0.0612, 3.78, , , 
2020-04-23, -0.843, 2.4473, Berlin, 11, -0.3163, 3.73, , , 
2020-04-22, -0.2447, 3.1815, Berlin, 11, -0.0918, 3.73, , , 
2020-04-21, -0.4623, 3.1543, Berlin, 11, -0.1735, 3.75, , , 
2020-04-20, -0.843, 3.1815, Berlin, 11, -0.3163, 3.89, , , 
2020-04-19, -1.1965, 3.1, Berlin, 11, -0.449, 4.05, , , 
2020-04-18, -0.7342, 3.1815, Berlin, 11, -0.2755, 4, , , 
2020-04-17, -1.3868, 2.964, Berlin, 11, -0.5204, 3.73, , , 
2020-04-16, -0.8158, 3.2903, Berlin, 11, -0.3061, 4.3, , , 
2020-04-15, -0.9245, 3.4263, Berlin, 11, -0.3469, 4.41, , , 
2020-04-14, -0.7886, 3.6166, Berlin, 11, -0.2959, 5.36, , , 
2020-04-13, -0.3535, 4.0245, Berlin, 11, -0.1327, 5.9, , , 
2020-04-12, -0.2175, 4.2964, Berlin, 11, -0.0816, 5.98, , , 
2020-04-11, -0.1903, 3.9157, Berlin, 11, -0.0714, 6.04, , , 
2020-04-10, 0.5167, 4.3508, Berlin, 11, 0.1033, 7.02, , , 
2020-04-09, 0.3807, 4.1061, Berlin, 11, 0.0761, 6.74, , , 
2020-04-08, 1.1965, 4.3508, Berlin, 11, 0.2391, 6.88, , , 
2020-04-07, 1.55, 4.4052, Berlin, 11, 0.3098, 6.8, , , 
2020-04-06, 1.8219, 4.378, Berlin, 11, 0.3641, 6.85, , , 
2020-04-05, 2.1482, 4.514, Berlin, 11, 0.4293, 6.77, , , 
2020-04-04, 1.8763, 4.1061, Berlin, 11, 0.375, 6.93, , , 
2020-04-03, 1.8763, 3.8342, Berlin, 11, 0.375, 6.23, , , 
2020-04-02, 2.4201, 3.7254, Berlin, 11, 0.4837, 6.39, , , 
2020-04-01, 2.1482, 3.1543, Berlin, 11, 0.4293, 6.01, , , 
2020-03-31, 2.1482, 2.8552, Berlin, 11, 0.4293, 5.41, , , 
2020-03-30, 1.9307, 2.5561, Berlin, 11, 0.3859, 4.68, , , 
2020-03-29, 1.7675, 2.3658, Berlin, 11, 0.3533, 4.32, , , 
2020-03-28, 1.7403, 2.2298, Berlin, 11, 0.3478, 3.97, , , 
2020-03-27, 1.4412, 1.9579, Berlin, 11, 0.288, 3.29, , , 
2020-03-26, 0.7886, 1.3052, Berlin, 11, 0.1576, 2.75, , , 
2020-03-25, 0.571, 1.0061, Berlin, 11, 0.1141, 2.37, , , 
2020-03-24, 0.3263, 0.707, Berlin, 11, 0.0652, 1.82, , , 
2020-03-23, 0.2719, 0.6254, Berlin, 11, 0.0543, 1.6, , , 
2020-03-22, 0.2719, 0.5982, Berlin, 11, 0.0543, 1.52, , , 
2020-03-21, 0.2175, 0.4895, Berlin, 11, 0.0435, 1.22, , , 
2020-03-20, 0.3263, 0.5167, Berlin, 11, 0.0652, 1.2, , , 
2020-03-19, 0.4079, 0.5167, Berlin, 11, 0.0815, 0.9, , , 
2020-03-18, 0.3807, 0.4351, Berlin, 11, 0.0761, 0.68, , , 
2020-03-17, 0.2991, 0.3807, Berlin, 11, 0.0598, 0.57, , , 
2020-03-16, 0.2719, 0.3535, Berlin, 11, 0.0543, 0.52, , , 
2020-03-15, 0.2447, 0.3263, Berlin, 11, 0.0489, 0.46, , , 
2020-03-14, 0.1903, 0.2719, Berlin, 11, 0.038, 0.46, , , 
2020-03-13, 0.1088, 0.1903, Berlin, 11, 0.0217, 0.27, , , 
2020-03-12, 0.0272, 0.1088, Berlin, 11, 0.0054, 0.19, , , 
2020-03-11, , 0.0544, Berlin, 11, , 0.11, , , 
2020-03-10, , 0.0816, Berlin, 11, , 0.19, , , 
2020-03-09, , 0.0816, Berlin, 11, , 0.11, , , 
2020-03-08, , 0.0816, Berlin, 11, , 0.11, , , 
2020-03-07, , 0.0816, Berlin, 11, , 0.11, , , 
2020-03-06, , 0.0816, Berlin, 11, , 0.11, , , 
2020-03-05, , 0.0816, Berlin, 11, , 0.11, , , 
2020-03-04, , 0.0544, Berlin, 11, , 0.11, , , 
2020-03-03, , , Berlin, 11, , , , , 
2020-03-02, , , Berlin, 11, , , , , 
2020-03-01, , , Berlin, 11, , , , , 
