Meldedatum, difference, frozen, trend, value, Lower, Prediction, Upper
2022-11-17, -1.205, 5.7342, -0.2548, 5.73, , , 
2022-11-16, -1.8105, 5.7859, -0.3828, 6.66, , , 
2022-11-15, -1.6111, 5.6141, -0.3406, 7.2, , , 
2022-11-14, -0.7437, 5.8916, -0.1572, 7.81, 9.55, 9.69, 9.87
2022-11-13, -0.835, 6.1871, -0.1765, 7.88, 9.49, 9.65, 9.83
2022-11-12, -0.865, 6.5187, -0.1829, 8.02, 9.59, 9.75, 9.9
2022-11-11, -0.5815, 6.5896, -0.1229, 8.34, 9.74, 9.91, 10.07
2022-11-10, 0.2679, 6.9392, 0.0367, 8.94, 10.23, 10.39, 10.56
2022-11-09, 1.6795, 7.5964, 0.2299, 9.87, 11.03, 11.2, 11.37
2022-11-08, 0.0817, 7.2251, 0.0112, 10.05, 11.07, 11.23, 11.4
2022-11-07, -2.4592, 6.6353, -0.5199, 9.74, 10.56, 10.69, 10.85
2022-11-06, -2.577, 7.0221, -0.5448, 9.87, 10.67, 10.81, 10.97
2022-11-05, -2.7259, 7.3837, -0.5763, 9.9, 10.69, 10.82, 10.98
2022-11-04, -3.1729, 7.1711, -0.6708, 10.16, 10.89, 11.02, 11.17
2022-11-03, -3.854, 6.6713, -0.8148, 10.46, 11.12, 11.25, 11.4
2022-11-02, -4.7299, 5.9168, -1, 10.41, 10.98, 11.09, 11.23
2022-11-01, -3.8841, 7.1434, -0.8212, 11.5, 12.05, 12.16, 12.3
2022-10-31, -2.786, 9.0945, -0.589, 13.67, 14.22, 14.33, 14.48
2022-10-30, -2.8629, 9.5991, -0.6053, 13.83, 14.36, 14.48, 14.63
2022-10-29, -2.9734, 10.1097, -0.6287, 14.02, 14.55, 14.67, 14.81
2022-10-28, -2.8989, 10.3439, -0.6129, 14.77, 15.27, 15.39, 15.54
2022-10-27, -2.3271, 10.5254, -0.492, 15.54, 16, 16.11, 16.26
2022-10-26, -1.9595, 10.6467, -0.4143, 16.32, 16.74, 16.85, 16.99
2022-10-25, -0.8914, 11.0275, -0.1885, 17.62, 18.01, 18.11, 18.25
2022-10-24, -0.2727, 11.8805, -0.0577, 18.96, 19.28, 19.38, 19.51
2022-10-23, -0.2559, 12.462, -0.0541, 19.08, 19.39, 19.48, 19.62
2022-10-22, -0.2235, 13.0831, -0.0472, 19.25, 19.56, 19.65, 19.78
2022-10-21, 0.34, 13.2429, 0.0465, 19.86, 20.13, 20.22, 20.35
2022-10-20, 0.6247, 12.8524, 0.0855, 20.39, 20.63, 20.71, 20.83
2022-10-19, 0.7617, 12.6062, 0.1042, 21.06, 21.27, 21.35, 21.47
2022-10-18, -0.4553, 11.919, -0.0963, 20.86, 21.03, 21.1, 21.21
2022-10-17, 2.4544, 12.1532, 0.3359, 20.67, 20.79, 20.84, 20.94
2022-10-16, 2.5421, 12.7179, 0.3479, 20.67, 20.78, 20.83, 20.93
2022-10-15, 2.6983, 13.3066, 0.3693, 20.66, 20.76, 20.81, 20.9
2022-10-14, 3.3194, 12.9029, 0.4543, 20.42, 20.5, 20.54, 20.61
2022-10-13, 4.4656, 12.2277, 0.6111, 20.43, 20.49, 20.52, 20.58
2022-10-12, 5.7198, 11.8445, 0.7828, 20.71, 20.76, 20.78, 20.82
2022-10-11, 7.3068, 12.3743, 1, 22.08, 22.12, 22.13, 22.15
2022-10-10, 2.1421, 9.6988, 0.2932, 17.57, 17.59, 17.59, 17.59
2022-10-09, 2.267, 10.1757, 0.3103, 17.44, 17.46, 17.46, 17.46
2022-10-08, 2.3235, 10.6082, 0.318, 17.25, 17.26, 17.26, 17.26
2022-10-07, 1.9643, 9.5835, 0.2688, 16.47, 16.49, 16.49, 16.49
2022-10-06, 1.1846, 7.7622, 0.1621, 15.27, 15.28, 15.28, 15.28
2022-10-05, -0.0168, 6.1247, -0.0036, 13.52, 13.53, 13.53, 13.53
2022-10-04, -0.0997, 5.0675, -0.0211, 10.76, 10.77, 10.77, 10.77
2022-10-03, 2.9686, 7.5567, 0.4063, 12.89, 12.91, 12.91, 12.91
2022-10-02, 3.12, 7.9087, 0.427, 12.73, 12.74, 12.74, 12.74
2022-10-01, 3.2954, 8.2848, 0.451, 12.61, 12.62, 12.62, 12.62
2022-09-30, 3.1152, 7.6192, 0.4263, 11.93, 11.94, 11.94, 11.94
2022-09-29, 2.5445, 6.5776, 0.3482, 11.12, 11.13, 11.13, 11.13
2022-09-28, 2.4713, 6.1415, 0.3382, 10.33, 10.34, 10.34, 10.34
2022-09-27, 1.7036, 5.1672, 0.2331, 9.17, 9.18, 9.18, 9.18
2022-09-26, 1.2014, 4.5881, 0.1644, 7.98, 7.99, 7.99, 7.99
2022-09-25, 1.247, 4.7887, 0.1707, 7.8, 7.81, 7.81, 7.81
2022-09-24, 1.2699, 4.9894, 0.1738, 7.61, 7.62, 7.62, 7.62
2022-09-23, 0.9491, 4.504, 0.1299, 7.13, 7.14, 7.14, 7.14
2022-09-22, 0.6548, 4.0331, 0.0896, 6.72, 6.73, 6.73, 6.73
2022-09-21, 0.4325, 3.6702, 0.0592, 6.22, 6.23, 6.23, 6.23
2022-09-20, 0.1478, 3.4636, 0.0202, 5.89, 5.9, 5.9, 5.9
2022-09-19, 0.2847, 3.3867, 0.039, 5.54, 5.55, 5.55, 5.55
2022-09-18, 0.2427, 3.5417, 0.0332, 5.5, 5.51, 5.51, 5.51
2022-09-17, 0.2355, 3.7195, 0.0322, 5.46, 5.46, 5.46, 5.46
2022-09-16, 0.0985, 3.5549, 0.0135, 5.39, 5.4, 5.4, 5.4
2022-09-15, 0.1177, 3.3783, 0.0161, 5.24, 5.24, 5.24, 5.24
2022-09-14, 0.036, 3.2377, 0.0049, 5.23, 5.23, 5.23, 5.23
2022-09-13, 0.1994, 3.3158, 0.0273, 5.18, 5.19, 5.19, 5.19
2022-09-12, -0.1165, 3.102, -0.0246, 5.06, 5.06, 5.06, 5.06
2022-09-11, -0.1081, 3.299, -0.0229, 5.09, 5.09, 5.09, 5.09
2022-09-10, -0.1442, 3.484, -0.0305, 5.11, 5.12, 5.12, 5.12
2022-09-09, -0.1418, 3.4564, -0.03, 5.06, 5.07, 5.07, 5.07
2022-09-08, -0.3592, 3.2606, -0.0759, 5.01, 5.01, 5.01, 5.01
2022-09-07, -0.5094, 3.2017, -0.1077, 4.92, 4.92, 4.92, 4.92
2022-09-06, -0.5214, 3.1164, -0.1102, 4.95, 4.96, 4.96, 4.96
2022-09-05, -0.6487, 3.2185, -0.1372, 5.07, 5.08, 5.08, 5.08
2022-09-04, -0.6728, 3.4071, -0.1422, 5.06, 5.06, 5.06, 5.06
2022-09-03, -0.7052, 3.6282, -0.1491, 5.1, 5.1, 5.1, 5.1
2022-09-02, -0.8001, 3.5982, -0.1692, 5.21, 5.22, 5.22, 5.22
2022-09-01, -0.7316, 3.6198, -0.1547, 5.4, 5.4, 5.4, 5.4
2022-08-31, -0.7244, 3.7111, -0.1532, 5.61, 5.62, 5.62, 5.62
2022-08-30, -0.9467, 3.6378, -0.2002, 5.82, 5.83, 5.83, 5.83
2022-08-29, -0.7148, 3.8673, -0.1511, 6.07, 6.07, 6.07, 6.07
2022-08-28, -0.7449, 4.0799, -0.1575, 6.09, 6.1, 6.1, 6.1
2022-08-27, -0.722, 4.3334, -0.1527, 6.13, 6.14, 6.14, 6.14
2022-08-26, -0.6692, 4.3983, -0.1415, 6.32, 6.33, 6.33, 6.33
2022-08-25, -0.5526, 4.3514, -0.1168, 6.62, 6.62, 6.62, 6.62
2022-08-24, -0.2847, 4.4355, -0.0602, 6.86, 6.87, 6.87, 6.87
2022-08-23, 0.31, 4.5845, 0.0424, 7.36, 7.36, 7.36, 7.36
2022-08-22, -0.0745, 4.5821, -0.0157, 7.47, 7.48, 7.48, 7.48
2022-08-21, -0.0985, 4.8248, -0.0208, 7.53, 7.54, 7.54, 7.54
2022-08-20, -0.1682, 5.0554, -0.0356, 7.53, 7.53, 7.53, 7.53
2022-08-19, -0.179, 5.0675, -0.0378, 7.72, 7.73, 7.73, 7.73
2022-08-18, -0.4505, 4.9041, -0.0953, 7.73, 7.74, 7.74, 7.74
2022-08-17, -0.6764, 4.7202, -0.143, 7.75, 7.76, 7.76, 7.76
2022-08-16, -1.0656, 4.2745, -0.2253, 7.52, 7.53, 7.53, 7.53
2022-08-15, -1.1293, 4.6566, -0.2388, 7.79, 7.8, 7.8, 7.8
2022-08-14, -1.1581, 4.9233, -0.2449, 7.82, 7.83, 7.83, 7.83
2022-08-13, -1.1906, 5.2236, -0.2517, 7.89, 7.9, 7.9, 7.9
2022-08-12, -0.9515, 5.2465, -0.2012, 8.02, 8.03, 8.03, 8.03
2022-08-11, -0.895, 5.3546, -0.1892, 8.28, 8.29, 8.29, 8.29
2022-08-10, -0.9599, 5.3966, -0.2029, 8.54, 8.55, 8.55, 8.55
2022-08-09, -0.8169, 5.3402, -0.1727, 9, 9.01, 9.01, 9.01
2022-08-08, -0.9022, 5.7859, -0.1908, 9.47, 9.48, 9.48, 9.48
2022-08-07, -1.0272, 6.0814, -0.2172, 9.49, 9.5, 9.5, 9.5
2022-08-06, -1.0849, 6.4142, -0.2294, 9.52, 9.53, 9.53, 9.53
2022-08-05, -1.2254, 6.198, -0.2591, 9.6, 9.61, 9.61, 9.61
2022-08-04, -1.4116, 6.2496, -0.2985, 9.85, 9.86, 9.86, 9.86
2022-08-03, -1.2951, 6.3565, -0.2738, 10.16, 10.17, 10.17, 10.17
2022-08-02, -0.9119, 6.1571, -0.1928, 10.53, 10.54, 10.54, 10.54
2022-08-01, -0.4409, 6.6881, -0.0932, 11.23, 11.24, 11.24, 11.24
2022-07-31, -0.382, 7.1086, -0.0808, 11.39, 11.4, 11.4, 11.4
2022-07-30, -0.382, 7.4991, -0.0808, 11.5, 11.51, 11.51, 11.51
2022-07-29, -0.167, 7.4234, -0.0353, 11.94, 11.95, 11.95, 11.95
2022-07-28, 0.5154, 7.6612, 0.0705, 12.53, 12.54, 12.54, 12.54
2022-07-27, 0.7028, 7.6516, 0.0962, 12.85, 12.87, 12.87, 12.87
2022-07-26, 0.5598, 7.069, 0.0766, 13, 13.01, 13.01, 13.01
2022-07-25, 0.4121, 7.129, 0.0564, 12.76, 12.77, 12.77, 12.77
2022-07-24, 0.4037, 7.4906, 0.0552, 12.69, 12.7, 12.7, 12.7
2022-07-23, 0.4529, 7.8811, 0.062, 12.68, 12.69, 12.69, 12.69
2022-07-22, 0.8686, 7.5904, 0.1189, 12.72, 12.73, 12.73, 12.73
2022-07-21, 0.823, 7.1458, 0.1126, 12.36, 12.37, 12.37, 12.37
2022-07-20, 1.0044, 6.9488, 0.1375, 12.23, 12.24, 12.24, 12.24
2022-07-19, 0.8854, 6.5091, 0.1212, 11.89, 11.91, 11.91, 11.91
2022-07-18, 1.1557, 6.717, 0.1582, 11.78, 11.79, 11.79, 11.79
2022-07-17, 1.2879, 7.087, 0.1763, 11.83, 11.84, 11.84, 11.84
2022-07-16, 1.3395, 7.4282, 0.1833, 11.78, 11.79, 11.79, 11.79
2022-07-15, 0.6872, 6.7218, 0.094, 11.37, 11.38, 11.38, 11.38
2022-07-14, 0.4866, 6.3229, 0.0666, 11, 11.01, 11.01, 11.01
2022-07-13, 0.2355, 5.9445, 0.0322, 10.7, 10.71, 10.71, 10.71
2022-07-12, 0.0685, 5.6237, 0.0094, 10.41, 10.42, 10.42, 10.42
2022-07-11, 0.3796, 5.5612, 0.052, 9.86, 9.87, 9.87, 9.87
2022-07-10, 0.3472, 5.7991, 0.0475, 9.77, 9.78, 9.78, 9.78
2022-07-09, 0.3424, 6.0886, 0.0469, 9.72, 9.73, 9.73, 9.73
2022-07-08, 0.4986, 6.0346, 0.0682, 9.57, 9.58, 9.58, 9.58
2022-07-07, 0.662, 5.8363, 0.0906, 9.35, 9.36, 9.36, 9.36
2022-07-06, 0.7965, 5.709, 0.109, 9.15, 9.16, 9.16, 9.16
2022-07-05, 0.889, 5.5552, 0.1217, 9.06, 9.07, 9.07, 9.07
2022-07-04, 0.4757, 5.1816, 0.0651, 9.03, 9.04, 9.04, 9.04
2022-07-03, 0.5094, 5.4519, 0.0697, 9.01, 9.02, 9.02, 9.02
2022-07-02, 0.5346, 5.7462, 0.0732, 8.99, 9, 9, 9
2022-07-01, 0.3784, 5.536, 0.0518, 8.91, 8.92, 8.92, 8.92
2022-06-30, 0.8109, 5.1744, 0.111, 8.86, 8.87, 8.87, 8.87
2022-06-29, 1.0656, 4.9125, 0.1458, 8.65, 8.65, 8.65, 8.65
2022-06-28, 1.3227, 4.6662, 0.181, 8.48, 8.49, 8.49, 8.49
2022-06-27, 1.6615, 4.7058, 0.2274, 8.27, 8.27, 8.27, 8.27
2022-06-26, 1.7732, 4.9425, 0.2427, 8.21, 8.21, 8.21, 8.21
2022-06-25, 1.8537, 5.2116, 0.2537, 8.18, 8.18, 8.18, 8.18
2022-06-24, 2.0964, 5.1576, 0.2869, 8.13, 8.14, 8.14, 8.14
2022-06-23, 0.8254, 4.3634, 0.113, 7.31, 7.32, 7.32, 7.32
2022-06-22, 0.3844, 3.8468, 0.0526, 6.98, 6.98, 6.98, 6.98
2022-06-21, -0.2475, 3.3435, -0.0523, 6.55, 6.56, 6.56, 6.56
2022-06-20, 0.3556, 3.0443, 0.0487, 5.93, 5.94, 5.94, 5.94
2022-06-19, 0.4061, 3.1693, 0.0556, 5.85, 5.85, 5.85, 5.85
2022-06-18, 0.4385, 3.3579, 0.06, 5.76, 5.77, 5.77, 5.77
2022-06-17, 0.3965, 3.0611, 0.0543, 5.32, 5.33, 5.33, 5.33
2022-06-16, 1.1641, 3.5381, 0.1593, 5.7, 5.71, 5.71, 5.71
2022-06-15, 1.5294, 3.4624, 0.2093, 5.71, 5.72, 5.72, 5.72
2022-06-14, 2.0868, 3.5909, 0.2856, 6, 6, 6, 6
2022-06-13, 0.5094, 2.6887, 0.0697, 4.78, 4.78, 4.78, 4.78
2022-06-12, 0.4866, 2.7632, 0.0666, 4.69, 4.7, 4.7, 4.7
2022-06-11, 0.5298, 2.9194, 0.0725, 4.66, 4.66, 4.66, 4.66
2022-06-10, 0.2247, 2.6647, 0.0307, 4.48, 4.49, 4.49, 4.49
2022-06-09, 0.4241, 2.3739, 0.058, 4.21, 4.22, 4.22, 4.22
2022-06-08, 0.1117, 1.933, 0.0153, 3.82, 3.82, 3.82, 3.82
2022-06-07, -0.2319, 1.5041, -0.049, 3.09, 3.09, 3.09, 3.09
2022-06-06, 0.4661, 2.1793, 0.0638, 3.7, 3.7, 3.7, 3.7
2022-06-05, 0.4469, 2.2766, 0.0612, 3.68, 3.68, 3.68, 3.68
2022-06-04, 0.4181, 2.3896, 0.0572, 3.62, 3.62, 3.62, 3.62
2022-06-03, 0.5647, 2.44, 0.0773, 3.61, 3.61, 3.61, 3.61
2022-06-02, -0.4733, 1.9499, -0.1001, 3.15, 3.15, 3.15, 3.15
2022-06-01, -0.7365, 1.8213, -0.1557, 3.08, 3.08, 3.08, 3.08
2022-05-31, -0.9803, 1.736, -0.2073, 3.07, 3.07, 3.07, 3.07
2022-05-30, -1.0608, 1.7132, -0.2243, 3.12, 3.13, 3.13, 3.13
2022-05-29, -1.062, 1.8297, -0.2245, 3.15, 3.15, 3.15, 3.15
2022-05-28, -1.1053, 1.9715, -0.2337, 3.24, 3.24, 3.24, 3.24
2022-05-27, -1.2458, 1.8754, -0.2634, 3.22, 3.22, 3.22, 3.22
2022-05-26, -0.7833, 2.4232, -0.1656, 3.73, 3.74, 3.74, 3.74
2022-05-25, -0.6656, 2.5578, -0.1407, 3.96, 3.97, 3.97, 3.97
2022-05-24, -0.5875, 2.7163, -0.1242, 4.21, 4.21, 4.21, 4.21
2022-05-23, -0.7437, 2.774, -0.1572, 4.47, 4.48, 4.48, 4.48
2022-05-22, -0.7953, 2.8917, -0.1681, 4.5, 4.5, 4.5, 4.5
2022-05-21, -0.8181, 3.0768, -0.173, 4.54, 4.54, 4.54, 4.54
2022-05-20, -0.7809, 3.1212, -0.1651, 4.76, 4.76, 4.76, 4.76
2022-05-19, -0.6211, 3.2065, -0.1313, 4.99, 4.99, 4.99, 4.99
2022-05-18, -0.692, 3.2233, -0.1463, 5.15, 5.16, 5.16, 5.16
2022-05-17, -0.5959, 3.3038, -0.126, 5.38, 5.39, 5.39, 5.39
2022-05-16, -0.2259, 3.5177, -0.0478, 5.68, 5.68, 5.68, 5.68
2022-05-15, -0.2883, 3.6871, -0.061, 5.71, 5.72, 5.72, 5.72
2022-05-14, -0.3412, 3.8949, -0.0721, 5.8, 5.8, 5.8, 5.8
2022-05-13, -0.3628, 3.9021, -0.0767, 5.92, 5.93, 5.93, 5.93
2022-05-12, -0.34, 3.8276, -0.0719, 6.1, 6.1, 6.1, 6.1
2022-05-11, -0.2619, 3.9153, -0.0554, 6.28, 6.29, 6.29, 6.29
2022-05-10, -0.2595, 3.8997, -0.0549, 6.45, 6.46, 6.46, 6.46
2022-05-09, -0.5118, 3.7435, -0.1082, 6.42, 6.42, 6.42, 6.42
2022-05-08, -0.6199, 3.9754, -0.1311, 6.53, 6.54, 6.54, 6.54
2022-05-07, -0.6776, 4.2361, -0.1433, 6.6, 6.61, 6.61, 6.61
2022-05-06, -0.8061, 4.2649, -0.1704, 6.77, 6.78, 6.78, 6.78
2022-05-05, -1.1389, 4.1676, -0.2408, 6.87, 6.87, 6.87, 6.87
2022-05-04, -1.396, 4.1772, -0.2951, 7.02, 7.03, 7.03, 7.03
2022-05-03, -1.9559, 4.1592, -0.4135, 7.15, 7.16, 7.16, 7.16
2022-05-02, -0.7809, 4.2553, -0.1651, 7.54, 7.54, 7.54, 7.54
2022-05-01, -0.5899, 4.5953, -0.1247, 7.68, 7.69, 7.69, 7.69
2022-04-30, -0.4517, 4.9137, -0.0955, 7.82, 7.83, 7.83, 7.83
2022-04-29, 0.5526, 5.0711, 0.0756, 8.15, 8.15, 8.15, 8.15
2022-04-28, 1.0668, 5.3065, 0.146, 8.61, 8.61, 8.61, 8.61
2022-04-27, 1.8694, 5.5732, 0.2558, 9.3, 9.31, 9.31, 9.31
2022-04-26, 2.6431, 6.1151, 0.3617, 10.28, 10.29, 10.29, 10.29
2022-04-25, 0.1285, 5.0362, 0.0176, 9.12, 9.13, 9.13, 9.13
2022-04-24, -0.0781, 5.1852, -0.0165, 9.09, 9.1, 9.1, 9.1
2022-04-23, -0.2187, 5.3654, -0.0462, 9.12, 9.13, 9.13, 9.13
2022-04-22, -2.0856, 4.5184, -0.4409, 8.36, 8.37, 8.37, 8.37
2022-04-21, -2.1685, 4.2397, -0.4585, 8.43, 8.44, 8.44, 8.44
2022-04-20, -2.7788, 3.7039, -0.5875, 8.17, 8.18, 8.18, 8.18
2022-04-19, -2.8833, 3.472, -0.6096, 7.8, 7.8, 7.8, 7.8
2022-04-18, -1.3528, 4.9077, -0.286, 9.34, 9.35, 9.35, 9.35
2022-04-17, -1.187, 5.2633, -0.251, 9.52, 9.53, 9.53, 9.53
2022-04-16, -1.1966, 5.584, -0.253, 9.71, 9.72, 9.72, 9.72
2022-04-15, 0.0985, 6.604, 0.0135, 10.75, 10.76, 10.76, 10.76
2022-04-14, -0.0829, 6.4082, -0.0175, 10.85, 10.86, 10.86, 10.86
2022-04-13, -0.1285, 6.4827, -0.0272, 11.21, 11.22, 11.22, 11.22
2022-04-12, -0.1538, 6.3553, -0.0325, 11.37, 11.38, 11.38, 11.38
2022-04-11, -0.3448, 6.2604, -0.0729, 11.4, 11.41, 11.41, 11.41
2022-04-10, -0.5142, 6.4502, -0.1087, 11.39, 11.41, 11.41, 11.41
2022-04-09, -0.531, 6.7806, -0.1123, 11.47, 11.48, 11.48, 11.48
2022-04-08, -0.8193, 6.5055, -0.1732, 11.51, 11.52, 11.52, 11.52
2022-04-07, -0.7088, 6.4911, -0.1499, 11.83, 11.84, 11.84, 11.84
2022-04-06, -0.5935, 6.6112, -0.1255, 12.09, 12.1, 12.1, 12.1
2022-04-05, -0.555, 6.5091, -0.1173, 12.56, 12.57, 12.57, 12.57
2022-04-04, -0.3268, 6.6052, -0.0691, 12.88, 12.89, 12.89, 12.89
2022-04-03, -0.2355, 6.9644, -0.0498, 13.11, 13.12, 13.12, 13.12
2022-04-02, -0.1862, 7.3116, -0.0394, 13.43, 13.44, 13.44, 13.44
2022-04-01, -0.0553, 7.3249, -0.0117, 13.92, 13.94, 13.94, 13.94
2022-03-31, -0.0697, 7.1999, -0.0147, 14.14, 14.16, 14.16, 14.16
2022-03-30, -0.0144, 7.2047, -0.003, 14.39, 14.4, 14.4, 14.4
2022-03-29, -0.0096, 7.0642, -0.002, 14.56, 14.58, 14.58, 14.58
2022-03-28, -0.4217, 6.932, -0.0892, 14.6, 14.61, 14.61, 14.61
2022-03-27, -0.4169, 7.1999, -0.0881, 14.6, 14.61, 14.61, 14.61
2022-03-26, -0.4854, 7.4979, -0.1026, 14.56, 14.57, 14.57, 14.57
2022-03-25, -0.4241, 7.3801, -0.0897, 14.59, 14.61, 14.61, 14.61
2022-03-24, -0.3052, 7.2696, -0.0645, 14.72, 14.74, 14.74, 14.74
2022-03-23, -0.2199, 7.2191, -0.0465, 14.77, 14.78, 14.78, 14.78
2022-03-22, -0.1285, 7.0738, -0.0272, 14.73, 14.75, 14.75, 14.75
2022-03-21, 0.5899, 7.3537, 0.0807, 14.85, 14.86, 14.86, 14.86
2022-03-20, 0.549, 7.6168, 0.0751, 14.94, 14.96, 14.96, 14.96
2022-03-19, 0.7521, 7.9832, 0.1029, 15.06, 15.08, 15.08, 15.08
2022-03-18, 0.8097, 7.8042, 0.1108, 14.98, 14.99, 14.99, 14.99
2022-03-17, 0.8422, 7.5747, 0.1153, 14.82, 14.84, 14.84, 14.84
2022-03-16, 0.8278, 7.439, 0.1133, 14.58, 14.59, 14.59, 14.59
2022-03-15, 1.0536, 7.2023, 0.1442, 14.32, 14.33, 14.33, 14.33
2022-03-14, 0.7136, 6.7638, 0.0977, 13.73, 13.75, 13.75, 13.75
2022-03-13, 0.8386, 7.0678, 0.1148, 13.58, 13.59, 13.59, 13.59
2022-03-12, 0.7052, 7.2311, 0.0965, 13.38, 13.39, 13.39, 13.39
2022-03-11, 0.6475, 6.9945, 0.0886, 13.08, 13.09, 13.09, 13.09
2022-03-10, 0.3832, 6.7326, 0.0524, 12.79, 12.8, 12.8, 12.8
2022-03-09, 0.4782, 6.6112, 0.0654, 12.49, 12.5, 12.5, 12.5
2022-03-08, 0.2235, 6.1487, 0.0306, 12.04, 12.05, 12.05, 12.05
2022-03-07, -0.0204, 6.0502, -0.0043, 11.82, 11.83, 11.83, 11.83
2022-03-06, -0.0901, 6.2292, -0.0191, 11.75, 11.77, 11.77, 11.77
2022-03-05, 0.0084, 6.5259, 0.0012, 11.81, 11.82, 11.82, 11.82
2022-03-04, 0.0745, 6.3469, 0.0102, 11.76, 11.77, 11.77, 11.77
2022-03-03, 0.0817, 6.3493, 0.0112, 11.69, 11.7, 11.7, 11.7
2022-03-02, -0.2042, 6.1331, -0.0432, 11.74, 11.75, 11.75, 11.75
2022-03-01, -0.2799, 5.9252, -0.0592, 11.89, 11.9, 11.9, 11.9
2022-02-28, 0.0156, 6.0706, 0.0021, 12.13, 12.14, 12.14, 12.14
2022-02-27, 0.0565, 6.3193, 0.0077, 12.26, 12.27, 12.27, 12.27
2022-02-26, 0.149, 6.5175, 0.0204, 12.28, 12.29, 12.29, 12.29
2022-02-25, 0.0384, 6.2724, 0.0053, 12.36, 12.38, 12.38, 12.38
2022-02-24, 0.3064, 6.2676, 0.0419, 12.53, 12.54, 12.54, 12.54
2022-02-23, 0.3076, 6.3373, 0.0421, 12.63, 12.64, 12.64, 12.64
2022-02-22, 0.3112, 6.2052, 0.0426, 12.77, 12.78, 12.78, 12.78
2022-02-21, 0.1285, 6.055, 0.0176, 12.68, 12.69, 12.69, 12.69
2022-02-20, 0.0384, 6.2628, 0.0053, 12.61, 12.62, 12.62, 12.62
2022-02-19, -0.0829, 6.3686, -0.0175, 12.52, 12.53, 12.53, 12.53
2022-02-18, -0.2235, 6.234, -0.0472, 12.53, 12.55, 12.55, 12.55
2022-02-17, -0.2595, 5.9613, -0.0549, 12.49, 12.5, 12.5, 12.5
2022-02-16, -0.0324, 6.0298, -0.0069, 12.45, 12.46, 12.46, 12.46
2022-02-15, 0.2967, 5.894, 0.0406, 12.51, 12.52, 12.52, 12.52
2022-02-14, 0.5226, 5.9264, 0.0715, 12.62, 12.64, 12.64, 12.64
2022-02-13, 0.5971, 6.2244, 0.0817, 12.7, 12.71, 12.71, 12.71
2022-02-12, 0.7064, 6.4514, 0.0967, 12.82, 12.84, 12.84, 12.84
2022-02-11, 1.014, 6.4575, 0.1388, 12.89, 12.9, 12.9, 12.9
2022-02-10, 1.229, 6.2208, 0.1682, 12.97, 12.99, 12.99, 12.99
2022-02-09, 1.2927, 6.0622, 0.1769, 12.92, 12.93, 12.93, 12.93
2022-02-08, 1.0128, 5.5973, 0.1386, 12.56, 12.57, 12.57, 12.57
2022-02-07, 0.7689, 5.4038, 0.1052, 12.21, 12.22, 12.22, 12.22
2022-02-06, 0.8242, 5.6273, 0.1128, 12.09, 12.1, 12.1, 12.1
2022-02-05, 0.9923, 5.745, 0.1358, 11.95, 11.96, 11.96, 11.96
2022-02-04, 0.7256, 5.4435, 0.0993, 11.6, 11.61, 11.61, 11.61
2022-02-03, 0.3604, 4.9918, 0.0493, 11.04, 11.06, 11.06, 11.06
2022-02-02, 0.5178, 4.7695, 0.0709, 10.54, 10.55, 10.55, 10.55
2022-02-01, 0.5178, 4.5845, 0.0709, 10.22, 10.23, 10.23, 10.23
2022-01-31, 0.7641, 4.635, 0.1046, 10.07, 10.08, 10.08, 10.08
2022-01-30, 0.8866, 4.8031, 0.1213, 10.03, 10.04, 10.04, 10.04
2022-01-29, 0.8278, 4.7527, 0.1133, 9.82, 9.83, 9.83, 9.83
2022-01-28, 0.9539, 4.7178, 0.1305, 9.63, 9.64, 9.64, 9.64
2022-01-27, 1.0776, 4.6313, 0.1475, 9.37, 9.38, 9.38, 9.38
2022-01-26, 0.9119, 4.2517, 0.1248, 9.17, 9.18, 9.18, 9.18
2022-01-25, 0.8998, 4.0667, 0.1232, 8.77, 8.78, 8.78, 8.78
2022-01-24, 0.7316, 3.8709, 0.1001, 8.36, 8.37, 8.37, 8.37
2022-01-23, 0.6836, 3.9165, 0.0936, 8.1, 8.11, 8.11, 8.11
2022-01-22, 0.6067, 3.9249, 0.083, 7.93, 7.94, 7.94, 7.94
2022-01-21, 0.5358, 3.7639, 0.0733, 7.5, 7.51, 7.51, 7.51
2022-01-20, 0.4625, 3.5537, 0.0633, 7.16, 7.16, 7.16, 7.16
2022-01-19, 0.2126, 3.3399, 0.0291, 6.79, 6.79, 6.79, 6.79
2022-01-18, -0.1706, 3.1669, -0.0361, 6.48, 6.48, 6.48, 6.48
2022-01-17, -0.2235, 3.1392, -0.0472, 6.27, 6.28, 6.28, 6.28
2022-01-16, -0.2463, 3.2329, -0.0521, 6.21, 6.21, 6.21, 6.21
2022-01-15, -0.1346, 3.3182, -0.0284, 6.14, 6.15, 6.15, 6.15
2022-01-14, 0.0841, 3.2281, 0.0115, 6.07, 6.07, 6.07, 6.07
2022-01-13, -0.1634, 3.0912, -0.0345, 5.96, 5.96, 5.96, 5.96
2022-01-12, -0.0697, 3.1272, -0.0147, 6.02, 6.03, 6.03, 6.03
2022-01-11, 0.2175, 3.3375, 0.0298, 6.29, 6.29, 6.29, 6.29
2022-01-10, 0.2991, 3.3627, 0.0409, 6.42, 6.43, 6.43, 6.43
2022-01-09, 0.358, 3.4792, 0.049, 6.48, 6.49, 6.49, 6.49
2022-01-08, 0.2439, 3.4528, 0.0334, 6.34, 6.35, 6.35, 6.35
2022-01-07, -0.0577, 3.144, -0.0122, 6.1, 6.1, 6.1, 6.1
2022-01-06, 0.1045, 3.2546, 0.0143, 6.36, 6.37, 6.37, 6.37
2022-01-05, 0.0168, 3.1969, 0.0023, 6.44, 6.45, 6.45, 6.45
2022-01-04, -0.1285, 3.12, -0.0272, 6.51, 6.51, 6.51, 6.51
2022-01-03, -0.191, 3.0635, -0.0404, 6.44, 6.45, 6.45, 6.45
2022-01-02, -0.1838, 3.1212, -0.0389, 6.44, 6.45, 6.45, 6.45
2022-01-01, -0.4782, 3.2089, -0.1011, 6.44, 6.44, 6.44, 6.44
2021-12-31, -1.1401, 3.2017, -0.241, 6.37, 6.38, 6.38, 6.38
2021-12-30, -1.3996, 3.15, -0.2959, 6.37, 6.38, 6.38, 6.38
2021-12-29, -1.3816, 3.1801, -0.2921, 6.4, 6.41, 6.41, 6.41
2021-12-28, -1.4777, 3.2486, -0.3124, 6.54, 6.54, 6.54, 6.54
2021-12-27, -1.4693, 3.2546, -0.3106, 6.67, 6.67, 6.67, 6.67
2021-12-26, -1.5258, 3.305, -0.3226, 6.78, 6.78, 6.78, 6.78
2021-12-25, -1.3996, 3.6871, -0.2959, 7.27, 7.28, 7.28, 7.28
2021-12-24, -0.7533, 4.3418, -0.1593, 8.04, 8.05, 8.05, 8.05
2021-12-23, -0.6175, 4.5497, -0.1306, 8.41, 8.42, 8.42, 8.42
2021-12-22, -0.7064, 4.5617, -0.1494, 8.88, 8.89, 8.89, 8.89
2021-12-21, -0.4806, 4.7263, -0.1016, 9.35, 9.36, 9.36, 9.36
2021-12-20, -0.4397, 4.7239, -0.093, 9.63, 9.64, 9.64, 9.64
2021-12-19, -0.6367, 4.8308, -0.1346, 9.75, 9.76, 9.76, 9.76
2021-12-18, -0.6415, 5.0867, -0.1356, 10.04, 10.05, 10.05, 10.05
2021-12-17, -0.6091, 5.0951, -0.1288, 10.35, 10.36, 10.36, 10.36
2021-12-16, -0.5731, 5.1672, -0.1212, 10.72, 10.74, 10.74, 10.74
2021-12-15, -0.5166, 5.2681, -0.1092, 11.07, 11.09, 11.09, 11.09
2021-12-14, -0.2367, 5.2068, -0.05, 11.33, 11.34, 11.34, 11.34
2021-12-13, -0.1502, 5.1636, -0.0318, 11.78, 11.79, 11.79, 11.79
2021-12-12, -0.0036, 5.4675, -0.0008, 12.08, 12.09, 12.09, 12.09
2021-12-11, 0.1021, 5.7282, 0.014, 12.21, 12.22, 12.22, 12.22
2021-12-10, 0.1862, 5.7042, 0.0255, 12.5, 12.51, 12.51, 12.51
2021-12-09, 0.2799, 5.7402, 0.0383, 12.69, 12.7, 12.7, 12.7
2021-12-08, 0.1778, 5.7847, 0.0243, 12.92, 12.93, 12.93, 12.93
2021-12-07, -0.2823, 5.4435, -0.0597, 12.84, 12.85, 12.85, 12.85
2021-12-06, -0.1994, 5.3137, -0.0422, 12.73, 12.74, 12.74, 12.74
2021-12-05, -0.3208, 5.4711, -0.0678, 12.67, 12.68, 12.68, 12.68
2021-12-04, -0.382, 5.6261, -0.0808, 12.64, 12.66, 12.66, 12.66
2021-12-03, -0.4481, 5.518, -0.0947, 12.68, 12.7, 12.7, 12.7
2021-12-02, -0.3232, 5.4603, -0.0683, 12.74, 12.76, 12.76, 12.76
2021-12-01, -0.1237, 5.6069, -0.0262, 12.73, 12.74, 12.74, 12.74
2021-11-30, 0.1285, 5.7258, 0.0176, 13.04, 13.06, 13.06, 13.06
2021-11-29, 0.2391, 5.5132, 0.0327, 13.2, 13.21, 13.21, 13.21
2021-11-28, 0.4253, 5.7919, 0.0582, 13.3, 13.31, 13.31, 13.31
2021-11-27, 0.5118, 6.0081, 0.07, 13.19, 13.2, 13.2, 13.2
2021-11-26, 0.6355, 5.9661, 0.087, 13.19, 13.2, 13.2, 13.2
2021-11-25, 0.489, 5.7835, 0.0669, 13.09, 13.11, 13.11, 13.11
2021-11-24, 0.5815, 5.7306, 0.0796, 12.9, 12.91, 12.91, 12.91
2021-11-23, 0.7413, 5.5973, 0.1014, 12.75, 12.76, 12.76, 12.76
2021-11-22, 0.6259, 5.2741, 0.0857, 12.45, 12.47, 12.47, 12.47
2021-11-21, 0.5923, 5.3666, 0.0811, 12.29, 12.31, 12.31, 12.31
2021-11-20, 0.6812, 5.4963, 0.0932, 12.23, 12.24, 12.24, 12.24
2021-11-19, 0.6343, 5.3306, 0.0868, 11.91, 11.92, 11.92, 11.92
2021-11-18, 0.6463, 5.2945, 0.0885, 11.67, 11.68, 11.68, 11.68
2021-11-17, 0.5466, 5.1491, 0.0748, 11.33, 11.34, 11.34, 11.34
2021-11-16, 0.5466, 4.856, 0.0748, 10.86, 10.87, 10.87, 10.87
2021-11-15, 0.7232, 4.6482, 0.099, 10.54, 10.55, 10.55, 10.55
2021-11-14, 0.7605, 4.7743, 0.1041, 10.29, 10.3, 10.3, 10.3
2021-11-13, 0.6908, 4.8152, 0.0945, 10.08, 10.09, 10.09, 10.09
2021-11-12, 0.7917, 4.6962, 0.1084, 9.83, 9.84, 9.84, 9.84
2021-11-11, 0.9203, 4.6482, 0.1259, 9.55, 9.56, 9.56, 9.56
2021-11-10, 0.9851, 4.6025, 0.1348, 9.41, 9.42, 9.42, 9.42
2021-11-09, 1.02, 4.3094, 0.1396, 9.02, 9.03, 9.03, 9.03
2021-11-08, 0.4673, 3.9249, 0.064, 8.47, 8.48, 8.48, 8.48
2021-11-07, 0.5502, 4.0138, 0.0753, 8.36, 8.37, 8.37, 8.37
2021-11-06, 0.5538, 4.1244, 0.0758, 8.21, 8.22, 8.22, 8.22
2021-11-05, 0.4049, 3.9045, 0.0554, 7.91, 7.92, 7.92, 7.92
2021-11-04, 0.4205, 3.7279, 0.0575, 7.57, 7.58, 7.58, 7.58
2021-11-03, 0.5526, 3.6174, 0.0756, 7.27, 7.28, 7.28, 7.28
2021-11-02, 0.3412, 3.2894, 0.0467, 7.02, 7.02, 7.02, 7.02
2021-11-01, 0.6908, 3.4576, 0.0945, 7.11, 7.12, 7.12, 7.12
2021-10-31, 0.6379, 3.4636, 0.0873, 6.97, 6.98, 6.98, 6.98
2021-10-30, 0.7425, 3.5705, 0.1016, 6.87, 6.88, 6.88, 6.88
2021-10-29, 0.8217, 3.4996, 0.1125, 6.67, 6.67, 6.67, 6.67
2021-10-28, 0.8614, 3.3074, 0.1179, 6.4, 6.41, 6.41, 6.41
2021-10-27, 0.7256, 3.0647, 0.0993, 6, 6.01, 6.01, 6.01
2021-10-26, 0.8181, 2.9482, 0.112, 5.87, 5.88, 5.88, 5.88
2021-10-25, 0.8482, 2.7668, 0.1161, 5.71, 5.71, 5.71, 5.71
2021-10-24, 0.8926, 2.8257, 0.1222, 5.62, 5.63, 5.63, 5.63
2021-10-23, 0.8254, 2.8281, 0.113, 5.37, 5.37, 5.37, 5.37
2021-10-22, 0.6584, 2.6779, 0.0901, 5.03, 5.04, 5.04, 5.04
2021-10-21, 0.519, 2.446, 0.071, 4.74, 4.74, 4.74, 4.74
2021-10-20, 0.4409, 2.3391, 0.0603, 4.38, 4.38, 4.38, 4.38
2021-10-19, 0.4277, 2.1301, 0.0585, 3.95, 3.95, 3.95, 3.95
2021-10-18, 0.3424, 1.9186, 0.0469, 3.68, 3.69, 3.69, 3.69
2021-10-17, 0.2967, 1.933, 0.0406, 3.61, 3.61, 3.61, 3.61
2021-10-16, 0.2967, 2.0027, 0.0406, 3.56, 3.56, 3.56, 3.56
2021-10-15, 0.3484, 2.0195, 0.0477, 3.5, 3.5, 3.5, 3.5
2021-10-14, 0.3184, 1.927, 0.0436, 3.38, 3.38, 3.38, 3.38
2021-10-13, 0.2511, 1.8982, 0.0344, 3.35, 3.35, 3.35, 3.35
2021-10-12, 0.0228, 1.7024, 0.0031, 3.27, 3.27, 3.27, 3.27
2021-10-11, 0.024, 1.5762, 0.0033, 3.16, 3.16, 3.16, 3.16
2021-10-10, 0.0324, 1.6363, 0.0044, 3.12, 3.13, 3.13, 3.13
2021-10-09, 0.0264, 1.706, 0.0036, 3.06, 3.06, 3.06, 3.06
2021-10-08, 0.024, 1.6711, 0.0033, 2.96, 2.97, 2.97, 2.97
2021-10-07, -0.0384, 1.6087, -0.0081, 2.9, 2.9, 2.9, 2.9
2021-10-06, 0.0493, 1.6471, 0.0067, 2.9, 2.9, 2.9, 2.9
2021-10-05, 0.1382, 1.6795, 0.0189, 3, 3.01, 3.01, 3.01
2021-10-04, 0.1117, 1.5522, 0.0153, 3.06, 3.06, 3.06, 3.06
2021-10-03, 0.1141, 1.6039, 0.0156, 3.07, 3.07, 3.07, 3.07
2021-10-02, 0.149, 1.6795, 0.0204, 3.07, 3.07, 3.07, 3.07
2021-10-01, 0.0649, 1.6471, 0.0089, 3.08, 3.09, 3.09, 3.09
2021-09-30, 0.0817, 1.6471, 0.0112, 3.16, 3.16, 3.16, 3.16
2021-09-29, -0.0517, 1.5978, -0.0109, 3.12, 3.13, 3.13, 3.13
2021-09-28, -0.0829, 1.5414, -0.0175, 3.01, 3.01, 3.01, 3.01
2021-09-27, -0.2042, 1.4405, -0.0432, 2.99, 2.99, 2.99, 2.99
2021-09-26, -0.2223, 1.4897, -0.047, 2.98, 2.99, 2.99, 2.99
2021-09-25, -0.2775, 1.5306, -0.0587, 3.03, 3.03, 3.03, 3.03
2021-09-24, -0.3015, 1.5822, -0.0638, 3.07, 3.07, 3.07, 3.07
2021-09-23, -0.3015, 1.5654, -0.0638, 3.08, 3.08, 3.08, 3.08
2021-09-22, -0.2319, 1.6495, -0.049, 3.16, 3.17, 3.17, 3.17
2021-09-21, -0.2307, 1.6243, -0.0488, 3.26, 3.26, 3.26, 3.26
2021-09-20, -0.1454, 1.6447, -0.0307, 3.36, 3.36, 3.36, 3.36
2021-09-19, -0.0913, 1.712, -0.0193, 3.43, 3.43, 3.43, 3.43
2021-09-18, -0.1261, 1.8081, -0.0267, 3.51, 3.51, 3.51, 3.51
2021-09-17, -0.0685, 1.8838, -0.0145, 3.63, 3.63, 3.63, 3.63
2021-09-16, -0.0168, 1.867, -0.0036, 3.76, 3.76, 3.76, 3.76
2021-09-15, 0.0949, 1.8814, 0.013, 3.83, 3.83, 3.83, 3.83
2021-09-14, 0.1694, 1.8549, 0.0232, 3.95, 3.95, 3.95, 3.95
2021-09-13, 0.155, 1.7901, 0.0212, 3.97, 3.97, 3.97, 3.97
2021-09-12, 0.0817, 1.8033, 0.0112, 4, 4, 4, 4
2021-09-11, 0.1742, 1.9342, 0.0238, 4.02, 4.02, 4.02, 4.02
2021-09-10, 0.1237, 1.9523, 0.0169, 4.02, 4.03, 4.03, 4.03
2021-09-09, 0.1502, 1.8838, 0.0206, 3.98, 3.99, 3.99, 3.99
2021-09-08, -0.0228, 1.7865, -0.0048, 3.97, 3.98, 3.98, 3.98
2021-09-07, -0.0661, 1.6855, -0.014, 3.97, 3.98, 3.98, 3.98
2021-09-06, -0.0721, 1.6351, -0.0152, 3.94, 3.95, 3.95, 3.95
2021-09-05, -0.0144, 1.7216, -0.003, 3.94, 3.95, 3.95, 3.95
2021-09-04, -0.0156, 1.76, -0.0033, 3.95, 3.96, 3.96, 3.96
2021-09-03, 0.1814, 1.8285, 0.0248, 3.89, 3.9, 3.9, 3.9
2021-09-02, 0.173, 1.7336, 0.0237, 3.86, 3.86, 3.86, 3.86
2021-09-01, 0.3436, 1.8093, 0.047, 3.85, 3.86, 3.86, 3.86
2021-08-31, 0.37, 1.7516, 0.0506, 3.81, 3.82, 3.82, 3.82
2021-08-30, 0.4241, 1.7072, 0.058, 3.85, 3.85, 3.85, 3.85
2021-08-29, 0.4229, 1.736, 0.0579, 3.82, 3.82, 3.82, 3.82
2021-08-28, 0.4529, 1.7757, 0.062, 3.69, 3.69, 3.69, 3.69
2021-08-27, 0.3436, 1.6471, 0.047, 3.55, 3.56, 3.56, 3.56
2021-08-26, 0.3256, 1.5606, 0.0446, 3.43, 3.43, 3.43, 3.43
2021-08-25, 0.2775, 1.4657, 0.038, 3.24, 3.24, 3.24, 3.24
2021-08-24, 0.2811, 1.3816, 0.0385, 3.01, 3.02, 3.02, 3.02
2021-08-23, 0.2703, 1.2831, 0.037, 2.84, 2.84, 2.84, 2.84
2021-08-22, 0.3088, 1.3131, 0.0423, 2.76, 2.76, 2.76, 2.76
2021-08-21, 0.3196, 1.3227, 0.0437, 2.67, 2.68, 2.68, 2.68
2021-08-20, 0.3652, 1.3035, 0.05, 2.58, 2.58, 2.58, 2.58
2021-08-19, 0.3736, 1.235, 0.0511, 2.46, 2.47, 2.47, 2.47
2021-08-18, 0.4289, 1.1882, 0.0587, 2.33, 2.33, 2.33, 2.33
2021-08-17, 0.4121, 1.1005, 0.0564, 2.17, 2.17, 2.17, 2.17
2021-08-16, 0.4109, 1.0128, 0.0562, 2.01, 2.02, 2.02, 2.02
2021-08-15, 0.3977, 1.0044, 0.0544, 1.93, 1.93, 1.93, 1.93
2021-08-14, 0.4025, 1.0032, 0.0551, 1.83, 1.83, 1.83, 1.83
2021-08-13, 0.328, 0.9383, 0.0449, 1.7, 1.7, 1.7, 1.7
2021-08-12, 0.2655, 0.8614, 0.0363, 1.55, 1.55, 1.55, 1.55
2021-08-11, 0.185, 0.7593, 0.0253, 1.4, 1.4, 1.4, 1.4
2021-08-10, 0.1406, 0.6884, 0.0192, 1.28, 1.28, 1.28, 1.28
2021-08-09, 0.1021, 0.6019, 0.014, 1.22, 1.22, 1.22, 1.22
2021-08-08, 0.1177, 0.6067, 0.0161, 1.2, 1.21, 1.21, 1.21
2021-08-07, 0.0961, 0.6007, 0.0132, 1.16, 1.16, 1.16, 1.16
2021-08-06, 0.1153, 0.6103, 0.0158, 1.12, 1.12, 1.12, 1.12
2021-08-05, 0.1586, 0.5959, 0.0217, 1.07, 1.07, 1.07, 1.07
2021-08-04, 0.1682, 0.5743, 0.023, 1.07, 1.07, 1.07, 1.07
2021-08-03, 0.173, 0.5478, 0.0237, 1.04, 1.04, 1.04, 1.04
2021-08-02, 0.131, 0.4998, 0.0179, 0.95, 0.95, 0.95, 0.95
2021-08-01, 0.1129, 0.489, 0.0155, 0.91, 0.91, 0.91, 0.91
2021-07-31, 0.1201, 0.5046, 0.0164, 0.9, 0.9, 0.9, 0.9
2021-07-30, 0.1249, 0.495, 0.0171, 0.86, 0.86, 0.86, 0.86
2021-07-29, 0.1009, 0.4373, 0.0138, 0.82, 0.82, 0.82, 0.82
2021-07-28, 0.0973, 0.4061, 0.0133, 0.77, 0.77, 0.77, 0.77
2021-07-27, 0.0817, 0.3748, 0.0112, 0.69, 0.69, 0.69, 0.69
2021-07-26, 0.1093, 0.3688, 0.015, 0.71, 0.71, 0.71, 0.71
2021-07-25, 0.1189, 0.376, 0.0163, 0.71, 0.72, 0.72, 0.72
2021-07-24, 0.1189, 0.3844, 0.0163, 0.69, 0.69, 0.69, 0.69
2021-07-23, 0.1033, 0.37, 0.0141, 0.65, 0.65, 0.65, 0.65
2021-07-22, 0.0865, 0.3364, 0.0118, 0.6, 0.6, 0.6, 0.6
2021-07-21, 0.0649, 0.3088, 0.0089, 0.57, 0.57, 0.57, 0.57
2021-07-20, 0.036, 0.2931, 0.0049, 0.54, 0.54, 0.54, 0.54
2021-07-19, -0.0036, 0.2595, -0.0008, 0.5, 0.5, 0.5, 0.5
2021-07-18, -0.0048, 0.2571, -0.001, 0.47, 0.47, 0.47, 0.47
2021-07-17, 0.0192, 0.2655, 0.0026, 0.47, 0.47, 0.47, 0.47
2021-07-16, 0.0336, 0.2667, 0.0046, 0.47, 0.47, 0.47, 0.47
2021-07-15, 0.0132, 0.2499, 0.0018, 0.47, 0.47, 0.47, 0.47
2021-07-14, 0.006, 0.2439, 0.0008, 0.45, 0.45, 0.45, 0.45
2021-07-13, 0.0108, 0.2571, 0.0015, 0.44, 0.44, 0.44, 0.44
2021-07-12, 0.03, 0.2631, 0.0041, 0.43, 0.44, 0.44, 0.44
2021-07-11, 0.0264, 0.2619, 0.0036, 0.43, 0.44, 0.44, 0.44
2021-07-10, -0.006, 0.2463, -0.0013, 0.4, 0.41, 0.41, 0.41
2021-07-09, -0.006, 0.2331, -0.0013, 0.38, 0.38, 0.38, 0.38
2021-07-08, -0.0012, 0.2367, -0.0003, 0.4, 0.4, 0.4, 0.4
2021-07-07, -0.012, 0.2379, -0.0025, 0.4, 0.4, 0.4, 0.4
2021-07-06, -0.0336, 0.2463, -0.0071, 0.39, 0.39, 0.39, 0.39
2021-07-05, -0.0601, 0.2331, -0.0127, 0.38, 0.38, 0.38, 0.38
2021-07-04, -0.0697, 0.2355, -0.0147, 0.38, 0.38, 0.38, 0.38
2021-07-03, -0.0829, 0.2523, -0.0175, 0.4, 0.4, 0.4, 0.4
2021-07-02, -0.1021, 0.2391, -0.0216, 0.4, 0.4, 0.4, 0.4
2021-07-01, -0.0997, 0.2379, -0.0211, 0.39, 0.39, 0.39, 0.39
2021-06-30, -0.1069, 0.2499, -0.0226, 0.4, 0.4, 0.4, 0.4
2021-06-29, -0.0829, 0.2799, -0.0175, 0.41, 0.41, 0.41, 0.41
2021-06-28, -0.0949, 0.2931, -0.0201, 0.44, 0.44, 0.44, 0.44
2021-06-27, -0.1057, 0.3052, -0.0224, 0.45, 0.45, 0.45, 0.45
2021-06-26, -0.0877, 0.3352, -0.0185, 0.48, 0.48, 0.48, 0.48
2021-06-25, -0.1069, 0.3412, -0.0226, 0.5, 0.51, 0.51, 0.51
2021-06-24, -0.1598, 0.3376, -0.0338, 0.53, 0.53, 0.53, 0.53
2021-06-23, -0.1814, 0.3568, -0.0384, 0.57, 0.57, 0.57, 0.57
2021-06-22, -0.2331, 0.3628, -0.0493, 0.6, 0.6, 0.6, 0.6
2021-06-21, -0.2319, 0.388, -0.049, 0.63, 0.63, 0.63, 0.63
2021-06-20, -0.2415, 0.4109, -0.0511, 0.66, 0.66, 0.66, 0.66
2021-06-19, -0.2919, 0.4229, -0.0617, 0.66, 0.66, 0.66, 0.66
2021-06-18, -0.2919, 0.4481, -0.0617, 0.71, 0.71, 0.71, 0.71
2021-06-17, -0.2403, 0.4974, -0.0508, 0.77, 0.77, 0.77, 0.77
2021-06-16, -0.2018, 0.5382, -0.0427, 0.83, 0.83, 0.83, 0.83
2021-06-15, -0.1538, 0.5959, -0.0325, 0.93, 0.93, 0.93, 0.93
2021-06-14, -0.1285, 0.6199, -0.0272, 0.97, 0.98, 0.98, 0.98
2021-06-13, -0.1237, 0.6524, -0.0262, 1.01, 1.01, 1.01, 1.01
2021-06-12, -0.1141, 0.7148, -0.0241, 1.09, 1.09, 1.09, 1.09
2021-06-11, -0.1694, 0.7401, -0.0358, 1.12, 1.12, 1.12, 1.12
2021-06-10, -0.2787, 0.7377, -0.0589, 1.14, 1.14, 1.14, 1.14
2021-06-09, -0.4445, 0.7401, -0.094, 1.22, 1.22, 1.22, 1.22
2021-06-08, -0.4902, 0.7497, -0.1036, 1.3, 1.3, 1.3, 1.3
2021-06-07, -0.4085, 0.7485, -0.0864, 1.37, 1.37, 1.37, 1.37
2021-06-06, -0.4085, 0.7761, -0.0864, 1.41, 1.41, 1.41, 1.41
2021-06-05, -0.4145, 0.829, -0.0876, 1.48, 1.48, 1.48, 1.48
2021-06-04, -0.4133, 0.9094, -0.0874, 1.64, 1.64, 1.64, 1.64
2021-06-03, -0.358, 1.0164, -0.0757, 1.81, 1.81, 1.81, 1.81
2021-06-02, -0.2907, 1.1846, -0.0615, 2.04, 2.05, 2.05, 2.05
2021-06-01, -0.3736, 1.2398, -0.079, 2.11, 2.11, 2.11, 2.11
2021-05-31, -0.7677, 1.1569, -0.1623, 2.07, 2.07, 2.07, 2.07
2021-05-30, -0.8734, 1.1846, -0.1847, 2.1, 2.1, 2.1, 2.1
2021-05-29, -0.9803, 1.2434, -0.2073, 2.17, 2.17, 2.17, 2.17
2021-05-28, -0.9323, 1.3227, -0.1971, 2.32, 2.32, 2.32, 2.32
2021-05-27, -0.8169, 1.3744, -0.1727, 2.47, 2.47, 2.47, 2.47
2021-05-26, -0.8254, 1.4753, -0.1745, 2.63, 2.63, 2.63, 2.63
2021-05-25, -0.8494, 1.6135, -0.1796, 2.97, 2.97, 2.97, 2.97
2021-05-24, -0.5142, 1.9246, -0.1087, 3.37, 3.37, 3.37, 3.37
2021-05-23, -0.4265, 2.058, -0.0902, 3.6, 3.6, 3.6, 3.6
2021-05-22, -0.3472, 2.2238, -0.0734, 3.89, 3.89, 3.89, 3.89
2021-05-21, -0.4649, 2.255, -0.0983, 3.97, 3.97, 3.97, 3.97
2021-05-20, -0.9094, 2.1913, -0.1923, 4.05, 4.05, 4.05, 4.05
2021-05-19, -0.9383, 2.3007, -0.1984, 4.37, 4.37, 4.37, 4.37
2021-05-18, -0.7653, 2.4628, -0.1618, 4.71, 4.71, 4.71, 4.71
2021-05-17, -0.8109, 2.4388, -0.1715, 4.89, 4.89, 4.89, 4.89
2021-05-16, -0.8386, 2.4845, -0.1773, 4.93, 4.94, 4.94, 4.94
2021-05-15, -0.9719, 2.571, -0.2055, 5.02, 5.02, 5.02, 5.02
2021-05-14, -0.8962, 2.7199, -0.1895, 5.46, 5.46, 5.46, 5.46
2021-05-13, -0.5719, 3.1008, -0.1209, 5.97, 5.97, 5.97, 5.97
2021-05-12, -0.555, 3.2389, -0.1173, 6.22, 6.23, 6.23, 6.23
2021-05-11, -0.6391, 3.2281, -0.1351, 6.42, 6.43, 6.43, 6.43
2021-05-10, -0.6211, 3.2498, -0.1313, 6.64, 6.64, 6.64, 6.64
2021-05-09, -0.5695, 3.323, -0.1204, 6.77, 6.77, 6.77, 6.77
2021-05-08, -0.4878, 3.5429, -0.1031, 7.05, 7.06, 7.06, 7.06
2021-05-07, -0.4541, 3.6162, -0.096, 7.28, 7.29, 7.29, 7.29
2021-05-06, -0.3652, 3.6726, -0.0772, 7.51, 7.52, 7.52, 7.52
2021-05-05, -0.2955, 3.794, -0.0625, 7.73, 7.73, 7.73, 7.73
2021-05-04, -0.3724, 3.8673, -0.0787, 7.98, 7.99, 7.99, 7.99
2021-05-03, -0.322, 3.8709, -0.0681, 8.16, 8.17, 8.17, 8.17
2021-05-02, -0.3616, 3.8925, -0.0765, 8.25, 8.26, 8.26, 8.26
2021-05-01, -0.2811, 4.0307, -0.0594, 8.37, 8.38, 8.38, 8.38
2021-04-30, -0.2102, 4.0703, -0.0445, 8.62, 8.63, 8.63, 8.63
2021-04-29, -0.2643, 4.0379, -0.0559, 8.94, 8.95, 8.95, 8.95
2021-04-28, -0.2727, 4.0895, -0.0577, 9.16, 9.17, 9.17, 9.17
2021-04-27, 0.0216, 4.2397, 0.003, 9.46, 9.47, 9.47, 9.47
2021-04-26, 0.0288, 4.1928, 0.0039, 9.65, 9.66, 9.66, 9.66
2021-04-25, 0.0601, 4.2541, 0.0082, 9.73, 9.74, 9.74, 9.74
2021-04-24, -0.0396, 4.3118, -0.0084, 9.73, 9.74, 9.74, 9.74
2021-04-23, -0.1322, 4.2805, -0.0279, 9.7, 9.71, 9.71, 9.71
2021-04-22, -0.2078, 4.3022, -0.0439, 9.61, 9.62, 9.62, 9.62
2021-04-21, -0.3316, 4.3622, -0.0701, 9.64, 9.65, 9.65, 9.65
2021-04-20, -0.3568, 4.2181, -0.0754, 9.57, 9.57, 9.57, 9.57
2021-04-19, -0.0469, 4.164, -0.0099, 9.47, 9.48, 9.48, 9.48
2021-04-18, 0.0469, 4.194, 0.0064, 9.49, 9.5, 9.5, 9.5
2021-04-17, 0.0961, 4.3514, 0.0132, 9.5, 9.51, 9.51, 9.51
2021-04-16, 0.4673, 4.4127, 0.064, 9.61, 9.62, 9.62, 9.62
2021-04-15, 0.7725, 4.51, 0.1057, 9.77, 9.78, 9.78, 9.78
2021-04-14, 1.2506, 4.6938, 0.1712, 9.96, 9.97, 9.97, 9.97
2021-04-13, 1.241, 4.5749, 0.1698, 9.59, 9.6, 9.6, 9.6
2021-04-12, 0.5995, 4.2109, 0.082, 9.19, 9.2, 9.2, 9.2
2021-04-11, 0.5382, 4.1472, 0.0737, 9.09, 9.1, 9.1, 9.1
2021-04-10, 0.5514, 4.2553, 0.0755, 8.92, 8.93, 8.93, 8.93
2021-04-09, -0.042, 3.9454, -0.0089, 8.41, 8.42, 8.42, 8.42
2021-04-08, -0.2967, 3.7375, -0.0627, 8.16, 8.17, 8.17, 8.17
2021-04-07, -0.6283, 3.4432, -0.1328, 7.89, 7.9, 7.9, 7.9
2021-04-06, -0.6536, 3.3338, -0.1382, 8.09, 8.1, 8.1, 8.1
2021-04-05, -0.2571, 3.6114, -0.0544, 8.38, 8.39, 8.39, 8.39
2021-04-04, -0.2283, 3.609, -0.0483, 8.35, 8.36, 8.36, 8.36
2021-04-03, -0.1225, 3.7039, -0.0259, 8.44, 8.45, 8.45, 8.45
2021-04-02, 0.2535, 3.9874, 0.0347, 8.73, 8.74, 8.74, 8.74
2021-04-01, 0.3232, 4.0343, 0.0442, 8.7, 8.71, 8.71, 8.71
2021-03-31, 0.5418, 4.0715, 0.0742, 8.59, 8.6, 8.6, 8.6
2021-03-30, 0.5622, 3.9874, 0.0769, 8.48, 8.49, 8.49, 8.49
2021-03-29, 0.6163, 3.8685, 0.0843, 8.31, 8.32, 8.32, 8.32
2021-03-28, 0.5803, 3.8372, 0.0794, 8.23, 8.24, 8.24, 8.24
2021-03-27, 0.5154, 3.8264, 0.0705, 8.05, 8.06, 8.06, 8.06
2021-03-26, 0.4241, 3.7339, 0.058, 7.84, 7.85, 7.85, 7.85
2021-03-25, 0.5154, 3.7111, 0.0705, 7.61, 7.61, 7.61, 7.61
2021-03-24, 0.4229, 3.5297, 0.0579, 7.29, 7.3, 7.3, 7.3
2021-03-23, 0.3808, 3.4252, 0.0521, 7.1, 7.11, 7.11, 7.11
2021-03-22, 0.3292, 3.2522, 0.0451, 6.96, 6.97, 6.97, 6.97
2021-03-21, 0.3844, 3.257, 0.0526, 6.86, 6.86, 6.86, 6.86
2021-03-20, 0.3472, 3.311, 0.0475, 6.81, 6.82, 6.82, 6.82
2021-03-19, 0.4685, 3.3098, 0.0641, 6.6, 6.6, 6.6, 6.6
2021-03-18, 0.3688, 3.1957, 0.0505, 6.46, 6.47, 6.47, 6.47
2021-03-17, 0.3316, 3.1068, 0.0454, 6.28, 6.29, 6.29, 6.29
2021-03-16, 0.2895, 3.0443, 0.0396, 6.09, 6.1, 6.1, 6.1
2021-03-15, 0.1718, 2.923, 0.0235, 5.92, 5.93, 5.93, 5.93
2021-03-14, 0.0853, 2.8725, 0.0117, 5.79, 5.79, 5.79, 5.79
2021-03-13, -0.0024, 2.9638, -0.0005, 5.66, 5.67, 5.67, 5.67
2021-03-12, -0.2006, 2.8413, -0.0424, 5.55, 5.55, 5.55, 5.55
2021-03-11, -0.2799, 2.8269, -0.0592, 5.35, 5.35, 5.35, 5.35
2021-03-10, -0.3844, 2.7752, -0.0813, 5.31, 5.31, 5.31, 5.31
2021-03-09, -0.4649, 2.7548, -0.0983, 5.28, 5.28, 5.28, 5.28
2021-03-08, -0.4673, 2.7512, -0.0988, 5.35, , , 
2021-03-07, -0.4866, 2.7872, -0.1029, 5.37, , , 
2021-03-06, -0.4397, 2.9662, -0.093, 5.39, , , 
2021-03-05, -0.3628, 3.0419, -0.0767, 5.47, , , 
2021-03-04, -0.4049, 3.1068, -0.0856, 5.59, , , 
2021-03-03, -0.3688, 3.1596, -0.078, 5.72, , , 
2021-03-02, -0.483, 3.2197, -0.1021, 5.77, , , 
2021-03-01, -0.4313, 3.2185, -0.0912, 5.84, , , 
2021-02-28, -0.4337, 3.2738, -0.0917, 5.9, , , 
2021-02-27, -0.3027, 3.4059, -0.064, 5.96, , , 
2021-02-26, -0.2655, 3.4047, -0.0561, 5.99, , , 
2021-02-25, -0.137, 3.5117, -0.029, 6.09, , , 
2021-02-24, -0.0769, 3.5285, -0.0163, 6.1, , , 
2021-02-23, 0.018, 3.7027, 0.0025, 6.18, , , 
2021-02-22, -0.0252, 3.6498, -0.0053, 6.19, , , 
2021-02-21, 0.0228, 3.7075, 0.0031, 6.26, , , 
2021-02-20, -0.1718, 3.7087, -0.0363, 6.13, , , 
2021-02-19, -0.3436, 3.6702, -0.0726, 6.21, , , 
2021-02-18, -0.5598, 3.6486, -0.1184, 6.17, , , 
2021-02-17, -0.7521, 3.6054, -0.159, 6.28, , , 
2021-02-16, -0.7064, 3.6847, -0.1494, 6.25, , , 
2021-02-15, -0.9671, 3.675, -0.2045, 6.31, , , 
2021-02-14, -1.044, 3.6847, -0.2207, 6.28, , , 
2021-02-13, -0.9767, 3.8805, -0.2065, 6.49, , , 
2021-02-12, -0.871, 4.0138, -0.1842, 6.64, , , 
2021-02-11, -0.674, 4.2085, -0.1425, 7, , , 
2021-02-10, -0.6584, 4.3574, -0.1392, 7.23, , , 
2021-02-09, -0.829, 4.3911, -0.1753, 7.58, , , 
2021-02-08, -0.6151, 4.6422, -0.13, 7.84, , , 
2021-02-07, -0.5755, 4.7287, -0.1217, 7.95, , , 
2021-02-06, -0.6247, 4.8572, -0.1321, 8.03, , , 
2021-02-05, -0.704, 4.8848, -0.1488, 8.27, , , 
2021-02-04, -0.8842, 4.8824, -0.1869, 8.36, , , 
2021-02-03, -0.8157, 5.0158, -0.1725, 8.71, , , 
2021-02-02, -0.6872, 5.22, -0.1453, 8.91, , , 
2021-02-01, -0.5214, 5.2573, -0.1102, 9.11, , , 
2021-01-31, -0.5983, 5.3041, -0.1265, 9.21, , , 
2021-01-30, -0.5803, 5.4819, -0.1227, 9.5, , , 
2021-01-29, -0.4733, 5.5889, -0.1001, 9.76, , , 
2021-01-28, -0.4001, 5.7667, -0.0846, 10.02, , , 
2021-01-27, -0.2487, 5.8315, -0.0526, 10.24, , , 
2021-01-26, -0.2739, 5.9072, -0.0579, 10.59, , , 
2021-01-25, -0.3929, 5.7787, -0.0831, 10.74, , , 
2021-01-24, -0.358, 5.9024, -0.0757, 10.92, , , 
2021-01-23, -0.3027, 6.0622, -0.064, 10.97, , , 
2021-01-22, -0.4745, 6.0622, -0.1003, 11.23, , , 
2021-01-21, -0.513, 6.1667, -0.1085, 11.51, , , 
2021-01-20, -0.477, 6.0802, -0.1008, 11.59, , , 
2021-01-19, -0.5286, 6.1811, -0.1118, 11.82, , , 
2021-01-18, -0.6235, 6.1715, -0.1318, 12.07, , , 
2021-01-17, -0.6788, 6.2604, -0.1435, 12.1, , , 
2021-01-16, -0.7124, 6.3649, -0.1506, 12.23, , , 
2021-01-15, 0.1406, 6.5367, 0.0192, 12.53, , , 
2021-01-14, 0.7773, 6.6797, 0.1064, 12.79, , , 
2021-01-13, 0.3304, 6.5572, 0.0452, 12.91, , , 
2021-01-12, 0.3064, 6.7097, 0.0419, 13.25, , , 
2021-01-11, 0.3027, 6.795, 0.0414, 13.56, , , 
2021-01-10, 0.2919, 6.9392, 0.04, 13.98, , , 
2021-01-09, 0.2463, 7.0774, 0.0337, 13.99, , , 
2021-01-08, -0.5719, 6.3962, -0.1209, 12.87, , , 
2021-01-07, -0.8686, 5.9024, -0.1836, 12.25, , , 
2021-01-06, -0.2835, 6.2268, -0.0599, 12.65, , , 
2021-01-05, 0.03, 6.4034, 0.0041, 13.09, , , 
2021-01-04, 0.1189, 6.4923, 0.0163, 13.29, , , 
2021-01-03, 0.4457, 6.6473, 0.061, 13.4, , , 
2021-01-02, 0.3256, 6.8311, 0.0446, 13.45, , , 
2021-01-01, -0.5202, 6.968, -0.11, 13.6, , , 
2020-12-31, -1.2374, 6.771, -0.2616, 13.49, , , 
2020-12-30, -1.3696, 6.5103, -0.2896, 13.65, , , 
2020-12-29, -1.4441, 6.3734, -0.3053, 13.42, , , 
2020-12-28, -1.366, 6.3734, -0.2888, 13.37, , , 
2020-12-27, -1.5618, 6.2016, -0.3302, 13.2, , , 
2020-12-26, -1.1065, 6.5055, -0.2339, 13.43, , , 
2020-12-25, 0.0685, 7.4882, 0.0094, 14.74, , , 
2020-12-24, 0.895, 8.0084, 0.1225, 15.75, , , 
2020-12-23, 0.9539, 7.8799, 0.1305, 15.57, , , 
2020-12-22, 1.3131, 7.8174, 0.1797, 15.31, , , 
2020-12-21, 1.1473, 7.7393, 0.157, 15.22, , , 
2020-12-20, 1.2518, 7.7634, 0.1713, 15.15, , , 
2020-12-19, 1.217, 7.612, 0.1666, 15.08, , , 
2020-12-18, 1.2074, 7.4198, 0.1652, 14.74, , , 
2020-12-17, 1.1053, 7.1134, 0.1513, 14.58, , , 
2020-12-16, 1.0056, 6.926, 0.1376, 14.27, , , 
2020-12-15, 0.8734, 6.5043, 0.1195, 13.91, , , 
2020-12-14, 1.0692, 6.592, 0.1463, 13.64, , , 
2020-12-13, 1.0332, 6.5115, 0.1414, 13.43, , , 
2020-12-12, 0.889, 6.395, 0.1217, 13.01, , , 
2020-12-11, 0.9143, 6.2124, 0.1251, 12.66, , , 
2020-12-10, 0.7845, 6.0081, 0.1074, 12.25, , , 
2020-12-09, 0.7533, 5.9204, 0.1031, 11.85, , , 
2020-12-08, 0.7268, 5.6309, 0.0995, 11.47, , , 
2020-12-07, 0.5899, 5.5228, 0.0807, 11.14, , , 
2020-12-06, 0.5635, 5.4783, 0.0771, 11, , , 
2020-12-05, 0.5178, 5.506, 0.0709, 10.96, , , 
2020-12-04, 0.328, 5.2981, 0.0449, 10.69, , , 
2020-12-03, 0.3953, 5.2236, 0.0541, 10.34, , , 
2020-12-02, 0.5178, 5.1672, 0.0709, 10.24, , , 
2020-12-01, 0.4493, 4.9041, 0.0615, 10.09, , , 
2020-11-30, 0.388, 4.9329, 0.0531, 10.12, , , 
2020-11-29, 0.3604, 4.9149, 0.0493, 10.12, , , 
2020-11-28, 0.4361, 4.9882, 0.0597, 10, , , 
2020-11-27, 0.4866, 4.9701, 0.0666, 10.02, , , 
2020-11-26, 0.3268, 4.8284, 0.0447, 10.04, , , 
2020-11-25, 0.2475, 4.6494, 0.0339, 9.85, , , 
2020-11-24, 0.2247, 4.4547, 0.0307, 9.96, , , 
2020-11-23, 0.3917, 4.5448, 0.0536, 9.85, , , 
2020-11-22, 0.3352, 4.5545, 0.0459, 9.79, , , 
2020-11-21, 0.4349, 4.5521, 0.0595, 9.91, , , 
2020-11-20, 0.543, 4.4836, 0.0743, 9.84, , , 
2020-11-19, 0.7052, 4.5016, 0.0965, 9.78, , , 
2020-11-18, 0.6379, 4.4019, 0.0873, 9.73, , , 
2020-11-17, 0.4649, 4.2301, 0.0636, 9.35, , , 
2020-11-16, 0.3184, 4.1532, 0.0436, 9.19, , , 
2020-11-15, 0.3892, 4.2193, 0.0533, 9.2, , , 
2020-11-14, 0.2655, 4.1172, 0.0363, 8.96, , , 
2020-11-13, 0.1646, 3.9405, 0.0225, 8.74, , , 
2020-11-12, 0.1658, 3.7964, 0.0227, 8.5, , , 
2020-11-11, 0.3184, 3.7639, 0.0436, 8.34, , , 
2020-11-10, 0.4926, 3.7651, 0.0674, 8.33, , , 
2020-11-09, 0.668, 3.8348, 0.0914, 8.33, , , 
2020-11-08, 0.7401, 3.83, 0.1013, 8.3, , , 
2020-11-07, 0.7485, 3.8516, 0.1024, 8.27, , , 
2020-11-06, 0.7509, 3.776, 0.1028, 8.2, , , 
2020-11-05, 0.6812, 3.6306, 0.0932, 7.98, , , 
2020-11-04, 0.6139, 3.4456, 0.084, 7.8, , , 
2020-11-03, 0.7401, 3.2726, 0.1013, 7.51, , , 
2020-11-02, 0.6932, 3.1669, 0.0949, 7.21, , , 
2020-11-01, 0.728, 3.09, 0.0996, 7.02, , , 
2020-10-31, 0.9503, 3.1032, 0.1301, 6.81, , , 
2020-10-30, 1.0512, 3.0251, 0.1439, 6.46, , , 
2020-10-29, 1.0945, 2.9494, 0.1498, 6.18, , , 
2020-10-28, 1.0969, 2.8317, 0.1501, 5.84, , , 
2020-10-27, 1.0092, 2.5325, 0.1381, 5.42, , , 
2020-10-26, 1.0332, 2.4737, 0.1414, 5.02, , , 
2020-10-25, 0.9683, 2.3619, 0.1325, 4.79, , , 
2020-10-24, 0.8302, 2.1529, 0.1136, 4.46, , , 
2020-10-23, 0.6872, 1.9739, 0.094, 4.1, , , 
2020-10-22, 0.6103, 1.8549, 0.0835, 3.73, , , 
2020-10-21, 0.543, 1.7348, 0.0743, 3.36, , , 
2020-10-20, 0.4193, 1.5234, 0.0574, 3.04, , , 
2020-10-19, 0.4049, 1.4405, 0.0554, 2.84, , , 
2020-10-18, 0.3892, 1.3936, 0.0533, 2.72, , , 
2020-10-17, 0.3832, 1.3227, 0.0524, 2.62, , , 
2020-10-16, 0.4481, 1.2867, 0.0613, 2.44, , , 
2020-10-15, 0.5082, 1.2446, 0.0695, 2.27, , , 
2020-10-14, 0.5238, 1.1918, 0.0717, 2.14, , , 
2020-10-13, 0.5202, 1.1041, 0.0712, 2.07, , , 
2020-10-12, 0.4649, 1.0356, 0.0636, 1.94, , , 
2020-10-11, 0.4445, 1.0044, 0.0608, 1.87, , , 
2020-10-10, 0.4037, 0.9395, 0.0552, 1.78, , , 
2020-10-09, 0.3076, 0.8386, 0.0421, 1.62, , , 
2020-10-08, 0.161, 0.7365, 0.022, 1.45, , , 
2020-10-07, 0.1105, 0.668, 0.0151, 1.28, , , 
2020-10-06, 0.0432, 0.5839, 0.0059, 1.15, , , 
2020-10-05, 0.0072, 0.5707, 0.001, 1.07, , , 
2020-10-04, 0.0036, 0.5598, 0.0005, 1.06, , , 
2020-10-03, -0.0204, 0.5358, -0.0043, 1.02, , , 
2020-10-02, -0.0168, 0.531, -0.0036, 1, , , 
2020-10-01, 0.0348, 0.5755, 0.0048, 1.01, , , 
2020-09-30, 0.0685, 0.5574, 0.0094, 0.99, , , 
2020-09-29, 0.0745, 0.5406, 0.0102, 0.96, , , 
2020-09-28, 0.0997, 0.5635, 0.0136, 0.94, , , 
2020-09-27, 0.0877, 0.5562, 0.012, 0.94, , , 
2020-09-26, 0.0793, 0.5562, 0.0109, 0.9, , , 
2020-09-25, 0.1189, 0.5478, 0.0163, 0.91, , , 
2020-09-24, 0.1213, 0.5406, 0.0166, 0.89, , , 
2020-09-23, 0.0937, 0.489, 0.0128, 0.85, , , 
2020-09-22, 0.1165, 0.4661, 0.0159, 0.86, , , 
2020-09-21, 0.1346, 0.4637, 0.0184, 0.82, , , 
2020-09-20, 0.1442, 0.4685, 0.0197, 0.82, , , 
2020-09-19, 0.1394, 0.477, 0.0191, 0.82, , , 
2020-09-18, 0.0997, 0.4289, 0.0136, 0.77, , , 
2020-09-17, 0.0913, 0.4193, 0.0125, 0.7, , , 
2020-09-16, 0.0973, 0.3953, 0.0133, 0.66, , , 
2020-09-15, 0.0348, 0.3496, 0.0048, 0.6, , , 
2020-09-14, 0.0348, 0.3292, 0.0048, 0.57, , , 
2020-09-13, 0.036, 0.3244, 0.0049, 0.55, , , 
2020-09-12, 0.0529, 0.3376, 0.0072, 0.54, , , 
2020-09-11, 0.0529, 0.3292, 0.0072, 0.53, , , 
2020-09-10, 0.0457, 0.328, 0.0062, 0.51, , , 
2020-09-09, 0.0156, 0.2979, 0.0021, 0.49, , , 
2020-09-08, 0.0192, 0.3148, 0.0026, 0.49, , , 
2020-09-07, -0.0084, 0.2943, -0.0018, 0.49, , , 
2020-09-06, -0.0108, 0.2883, -0.0023, 0.48, , , 
2020-09-05, -0.03, 0.2847, -0.0064, 0.46, , , 
2020-09-04, -0.0553, 0.2763, -0.0117, 0.45, , , 
2020-09-03, -0.0565, 0.2823, -0.0119, 0.45, , , 
2020-09-02, -0.0769, 0.2823, -0.0163, 0.45, , , 
2020-09-01, -0.0469, 0.2955, -0.0099, 0.44, , , 
2020-08-31, -0.0541, 0.3027, -0.0114, 0.45, , , 
2020-08-30, -0.0589, 0.2991, -0.0124, 0.44, , , 
2020-08-29, -0.0432, 0.3148, -0.0091, 0.46, , , 
2020-08-28, -0.0132, 0.3316, -0.0028, 0.47, , , 
2020-08-27, -0.0084, 0.3388, -0.0018, 0.48, , , 
2020-08-26, 0.0036, 0.3592, 0.0005, 0.5, , , 
2020-08-25, -0.0012, 0.3424, -0.0003, 0.51, , , 
2020-08-24, 0.0048, 0.3568, 0.0007, 0.53, , , 
2020-08-23, 0.0132, 0.358, 0.0018, 0.54, , , 
2020-08-22, 0.0096, 0.358, 0.0013, 0.53, , , 
2020-08-21, -0.0084, 0.3448, -0.0018, 0.53, , , 
2020-08-20, 0.0288, 0.3472, 0.0039, 0.53, , , 
2020-08-19, 0.0457, 0.3556, 0.0062, 0.55, , , 
2020-08-18, 0.0312, 0.3436, 0.0043, 0.54, , , 
2020-08-17, 0.0469, 0.352, 0.0064, 0.54, , , 
2020-08-16, 0.0336, 0.3448, 0.0046, 0.52, , , 
2020-08-15, 0.0156, 0.3484, 0.0021, 0.54, , , 
2020-08-14, 0.0144, 0.3532, 0.002, 0.53, , , 
2020-08-13, -0.018, 0.3184, -0.0038, 0.51, , , 
2020-08-12, -0.0276, 0.31, -0.0058, 0.49, , , 
2020-08-11, -0.0108, 0.3124, -0.0023, 0.51, , , 
2020-08-10, 0.0084, 0.3052, 0.0012, 0.49, , , 
2020-08-09, 0.0252, 0.3112, 0.0035, 0.5, , , 
2020-08-08, 0.0348, 0.3328, 0.0048, 0.5, , , 
2020-08-07, 0.0348, 0.3388, 0.0048, 0.49, , , 
2020-08-06, 0.0625, 0.3364, 0.0085, 0.49, , , 
2020-08-05, 0.0769, 0.3376, 0.0105, 0.5, , , 
2020-08-04, 0.0577, 0.3232, 0.0079, 0.46, , , 
2020-08-03, 0.0312, 0.2967, 0.0043, 0.46, , , 
2020-08-02, 0.012, 0.2859, 0.0016, 0.44, , , 
2020-08-01, 0.006, 0.2979, 0.0008, 0.45, , , 
2020-07-31, 0.0048, 0.304, 0.0007, 0.44, , , 
2020-07-30, -0.0168, 0.2739, -0.0036, 0.43, , , 
2020-07-29, -0.0372, 0.2607, -0.0079, 0.42, , , 
2020-07-28, -0.024, 0.2655, -0.0051, 0.41, , , 
2020-07-27, -0.0048, 0.2655, -0.001, 0.4, , , 
2020-07-26, 0.0144, 0.2739, 0.002, 0.42, , , 
2020-07-25, 0.0228, 0.2919, 0.0031, 0.4, , , 
2020-07-24, 0.0529, 0.2991, 0.0072, 0.4, , , 
2020-07-23, 0.0589, 0.2907, 0.0081, 0.41, , , 
2020-07-22, 0.0757, 0.2979, 0.0104, 0.41, , , 
2020-07-21, 0.0577, 0.2895, 0.0079, 0.4, , , 
2020-07-20, 0.0529, 0.2703, 0.0072, 0.39, , , 
2020-07-19, 0.0372, 0.2595, 0.0051, 0.38, , , 
2020-07-18, 0.0613, 0.2691, 0.0084, 0.37, , , 
2020-07-17, 0.0276, 0.2463, 0.0038, 0.35, , , 
2020-07-16, -0.0012, 0.2319, -0.0003, 0.33, , , 
2020-07-15, 0.0084, 0.2223, 0.0012, 0.32, , , 
2020-07-14, 0.0132, 0.2319, 0.0018, 0.31, , , 
2020-07-13, 0.0024, 0.2175, 0.0003, 0.31, , , 
2020-07-12, 0.0072, 0.2223, 0.001, 0.31, , , 
2020-07-11, -0.0204, 0.2078, -0.0043, 0.3, , , 
2020-07-10, -0.0096, 0.2187, -0.002, 0.31, , , 
2020-07-09, -0.012, 0.2331, -0.0025, 0.32, , , 
2020-07-08, -0.0348, 0.2138, -0.0074, 0.3, , , 
2020-07-07, -0.0457, 0.2187, -0.0097, 0.31, , , 
2020-07-06, -0.0348, 0.215, -0.0074, 0.31, , , 
2020-07-05, -0.0445, 0.215, -0.0094, 0.31, , , 
2020-07-04, -0.0565, 0.2283, -0.0119, 0.32, , , 
2020-07-03, -0.0481, 0.2283, -0.0102, 0.32, , , 
2020-07-02, -0.0216, 0.2451, -0.0046, 0.34, , , 
2020-07-01, -0.0228, 0.2487, -0.0048, 0.35, , , 
2020-06-30, -0.012, 0.2643, -0.0025, 0.37, , , 
2020-06-29, -0.0084, 0.2499, -0.0018, 0.36, , , 
2020-06-28, -0.0108, 0.2595, -0.0023, 0.37, , , 
2020-06-27, 0.0096, 0.2847, 0.0013, 0.39, , , 
2020-06-26, -0.0024, 0.2763, -0.0005, 0.39, , , 
2020-06-25, -0.0096, 0.2667, -0.002, 0.39, , , 
2020-06-24, 0.0012, 0.2715, 0.0002, 0.38, , , 
2020-06-23, 0.0216, 0.2763, 0.003, 0.39, , , 
2020-06-22, 0.0252, 0.2583, 0.0035, 0.39, , , 
2020-06-21, 0.0481, 0.2703, 0.0066, 0.4, , , 
2020-06-20, 0.042, 0.2751, 0.0058, 0.39, , , 
2020-06-19, 0.0505, 0.2787, 0.0069, 0.39, , , 
2020-06-18, 0.0312, 0.2763, 0.0043, 0.37, , , 
2020-06-17, 0.0012, 0.2703, 0.0002, 0.38, , , 
2020-06-16, -0.0276, 0.2547, -0.0058, 0.36, , , 
2020-06-15, -0.0408, 0.2331, -0.0086, 0.35, , , 
2020-06-14, -0.0541, 0.2223, -0.0114, 0.33, , , 
2020-06-13, -0.0541, 0.2331, -0.0114, 0.34, , , 
2020-06-12, -0.0517, 0.2283, -0.0109, 0.32, , , 
2020-06-11, -0.0445, 0.2451, -0.0094, 0.34, , , 
2020-06-10, -0.018, 0.2691, -0.0038, 0.36, , , 
2020-06-09, -0.0324, 0.2823, -0.0069, 0.37, , , 
2020-06-08, -0.0949, 0.2739, -0.0201, 0.37, , , 
2020-06-07, -0.0817, 0.2763, -0.0173, 0.37, , , 
2020-06-06, -0.0841, 0.2871, -0.0178, 0.37, , , 
2020-06-05, -0.1189, 0.2799, -0.0251, 0.38, , , 
2020-06-04, -0.0853, 0.2895, -0.018, 0.41, , , 
2020-06-03, -0.1105, 0.2871, -0.0234, 0.41, , , 
2020-06-02, -0.1297, 0.3148, -0.0274, 0.44, , , 
2020-06-01, -0.0685, 0.3688, -0.0145, 0.5, , , 
2020-05-31, -0.0841, 0.358, -0.0178, 0.52, , , 
2020-05-30, -0.0709, 0.3712, -0.015, 0.53, , , 
2020-05-29, -0.0589, 0.3989, -0.0124, 0.58, , , 
2020-05-28, -0.1382, 0.3748, -0.0292, 0.55, , , 
2020-05-27, -0.1346, 0.3977, -0.0284, 0.59, , , 
2020-05-26, -0.1406, 0.4445, -0.0297, 0.63, , , 
2020-05-25, -0.1946, 0.4373, -0.0411, 0.62, , , 
2020-05-24, -0.209, 0.4421, -0.0442, 0.62, , , 
2020-05-23, -0.2175, 0.4421, -0.046, 0.63, , , 
2020-05-22, -0.2343, 0.4577, -0.0495, 0.67, , , 
2020-05-21, -0.2451, 0.513, -0.0518, 0.75, , , 
2020-05-20, -0.2823, 0.5322, -0.0597, 0.78, , , 
2020-05-19, -0.2703, 0.5851, -0.0572, 0.82, , , 
2020-05-18, -0.2571, 0.6319, -0.0544, 0.91, , , 
2020-05-17, -0.2511, 0.6512, -0.0531, 0.94, , , 
2020-05-16, -0.2823, 0.6596, -0.0597, 0.97, , , 
2020-05-15, -0.2175, 0.692, -0.046, 1.01, , , 
2020-05-14, -0.1982, 0.7581, -0.0419, 1.11, , , 
2020-05-13, -0.1706, 0.8145, -0.0361, 1.21, , , 
2020-05-12, -0.2199, 0.8554, -0.0465, 1.28, , , 
2020-05-11, -0.2583, 0.889, -0.0546, 1.3, , , 
2020-05-10, -0.2775, 0.9022, -0.0587, 1.32, , , 
2020-05-09, -0.3328, 0.9419, -0.0704, 1.34, , , 
2020-05-08, -0.4962, 0.9094, -0.1049, 1.33, , , 
2020-05-07, -0.4133, 0.9563, -0.0874, 1.4, , , 
2020-05-06, -0.5334, 0.9851, -0.1128, 1.43, , , 
2020-05-05, -0.5466, 1.0752, -0.1156, 1.55, , , 
2020-05-04, -0.6355, 1.1473, -0.1344, 1.64, , , 
2020-05-03, -0.71, 1.1798, -0.1501, 1.7, , , 
2020-05-02, -0.734, 1.2747, -0.1552, 1.85, , , 
2020-05-01, -0.8049, 1.4056, -0.1702, 2.06, , , 
2020-04-30, -0.9875, 1.3696, -0.2088, 2.13, , , 
2020-04-29, -1.0368, 1.5186, -0.2192, 2.36, , , 
2020-04-28, -1.0188, 1.6219, -0.2154, 2.47, , , 
2020-04-27, -0.8422, 1.7829, -0.1781, 2.69, , , 
2020-04-26, -0.7797, 1.8898, -0.1648, 2.87, , , 
2020-04-25, -0.7473, 2.0087, -0.158, 3.04, , , 
2020-04-24, -0.4649, 2.2106, -0.0983, 3.28, , , 
2020-04-23, -0.4349, 2.3571, -0.0919, 3.6, , , 
2020-04-22, -0.3905, 2.5554, -0.0826, 3.9, , , 
2020-04-21, -0.4193, 2.6406, -0.0886, 4.11, , , 
2020-04-20, -0.704, 2.625, -0.1488, 4.07, , , 
2020-04-19, -0.6608, 2.6695, -0.1397, 4.22, , , 
2020-04-18, -0.7413, 2.756, -0.1567, 4.38, , , 
2020-04-17, -1.0969, 2.6755, -0.2319, 4.39, , , 
2020-04-16, -1.062, 2.792, -0.2245, 4.65, , , 
2020-04-15, -1.0861, 2.9458, -0.2296, 4.89, , , 
2020-04-14, -1.235, 3.0599, -0.2611, 5.24, , , 
2020-04-13, -1.0488, 3.329, -0.2217, 5.7, , , 
2020-04-12, -1.0668, 3.3302, -0.2256, 5.77, , , 
2020-04-11, -0.8205, 3.4972, -0.1735, 5.98, , , 
2020-04-10, -0.5346, 3.7724, -0.113, 6.54, , , 
2020-04-09, -0.2715, 3.854, -0.0574, 6.75, , , 
2020-04-08, 0.1334, 4.0319, 0.0183, 6.94, , , 
2020-04-07, 0.6475, 4.295, 0.0886, 7.25, , , 
2020-04-06, 1.1437, 4.3779, 0.1565, 7.33, , , 
2020-04-05, 1.539, 4.3971, 0.2106, 7.49, , , 
2020-04-04, 1.6195, 4.3178, 0.2216, 7.62, , , 
2020-04-03, 2.0327, 4.307, 0.2782, 7.51, , , 
2020-04-02, 2.2142, 4.1256, 0.303, 7.36, , , 
2020-04-01, 2.3247, 3.8985, 0.3182, 7.09, , , 
2020-03-31, 2.2898, 3.6474, 0.3134, 6.58, , , 
2020-03-30, 2.1625, 3.2341, 0.296, 6.18, , , 
2020-03-29, 2.0424, 2.8581, 0.2795, 5.85, , , 
2020-03-28, 1.9943, 2.6983, 0.2729, 5.37, , , 
2020-03-27, 1.6855, 2.2742, 0.2307, 4.78, , , 
2020-03-26, 1.4753, 1.9114, 0.2019, 4.2, , , 
2020-03-25, 1.2302, 1.5738, 0.1684, 3.6, , , 
2020-03-24, 1.014, 1.3576, 0.1388, 3.05, , , 
2020-03-23, 0.8085, 1.0716, 0.1107, 2.68, , , 
2020-03-22, 0.5995, 0.8157, 0.082, 2.43, , , 
2020-03-21, 0.5058, 0.704, 0.0692, 2.03, , , 
2020-03-20, 0.3977, 0.5887, 0.0544, 1.69, , , 
2020-03-19, 0.2679, 0.4361, 0.0367, 1.36, , , 
2020-03-18, 0.2235, 0.3436, 0.0306, 1.03, , , 
2020-03-17, 0.2571, 0.3436, 0.0352, 0.83, , , 
2020-03-16, 0.185, 0.2631, 0.0253, 0.63, , , 
2020-03-15, 0.149, 0.2162, 0.0204, 0.55, , , 
2020-03-14, 0.155, 0.1982, 0.0212, 0.48, , , 
2020-03-13, 0.1514, 0.191, 0.0207, 0.39, , , 
2020-03-12, 0.137, 0.1682, 0.0187, 0.32, , , 
2020-03-11, 0.0901, 0.1201, 0.0123, 0.27, , , 
2020-03-10, 0.0625, 0.0865, 0.0085, 0.22, , , 
2020-03-09, 0.0637, 0.0781, 0.0087, 0.19, , , 
2020-03-08, , 0.0673, , 0.18, , , 
2020-03-07, , 0.0432, , 0.16, , , 
2020-03-06, , 0.0396, , 0.11, , , 
2020-03-05, , 0.0312, , 0.09, , , 
2020-03-04, , 0.03, , 0.08, , , 
2020-03-03, , 0.024, , 0.06, , , 
2020-03-02, , 0.0144, , 0.03, , , 
2020-03-01, , , , 0.03, , , 
